"AcceptedTaxonID","ParentSpeciesID","InfraSpeciesEpithet","InfraSpeciesAuthorString","InfraSpeciesMarker","GSDNameStatus","Sp2000NameStatus","IsFossil","LifeZone","AdditionalData","LTSSpecialist","LTSDate","InfraSpeciesURL","GSDTaxonGUI","GSDNameGUI"
2911,947,"mozambica","Lallemand, 1920",,"original combination, valid: Yes","Accepted name",0,"terrestrial",,"Soulier-Perkins Adeline","10/12/2009","http://rameau.snv.jussieu.fr/cool/database.php?lang=en&card=subspecies&id=2911",,
2912,1056,"hebridianus","Lallemand, 1942",,"original combination, valid: Yes","Accepted name",0,"terrestrial",,"Soulier-Perkins Adeline","10/12/2009","http://rameau.snv.jussieu.fr/cool/database.php?lang=en&card=subspecies&id=2912",,
2913,1056,"immaculatus","Lallemand, 1928",,"original combination, valid: Yes","Accepted name",0,"terrestrial",,"Soulier-Perkins Adeline","10/12/2009","http://rameau.snv.jussieu.fr/cool/database.php?lang=en&card=subspecies&id=2913",,
2914,1056,"obscurus","Lallemand, 1928",,"original combination, valid: Yes","Accepted name",0,"terrestrial",,"Soulier-Perkins Adeline","10/12/2009","http://rameau.snv.jussieu.fr/cool/database.php?lang=en&card=subspecies&id=2914",,
2915,1056,"samoanus","Lallemand, 1937",,"original combination, valid: Yes","Accepted name",0,"terrestrial",,"Soulier-Perkins Adeline","10/12/2009","http://rameau.snv.jussieu.fr/cool/database.php?lang=en&card=subspecies&id=2915",,
2916,1056,"wallisanus","Lallemand, 1942",,"original combination, valid: Yes","Accepted name",0,"terrestrial",,"Soulier-Perkins Adeline","10/12/2009","http://rameau.snv.jussieu.fr/cool/database.php?lang=en&card=subspecies&id=2916",,
2917,2175,"gambierana","Lallemand, 1944",,"original combination, valid: Yes","Accepted name",0,"terrestrial",,"Soulier-Perkins Adeline","10/12/2009","http://rameau.snv.jussieu.fr/cool/database.php?lang=en&card=subspecies&id=2917",,
2918,947,"trimaculata","Lallemand, 1927",,"original combination, valid: Yes","Accepted name",0,"terrestrial",,"Soulier-Perkins Adeline","10/12/2009","http://rameau.snv.jussieu.fr/cool/database.php?lang=en&card=subspecies&id=2918",,
2927,1919,"b","Stål, 1866",,"original combination, valid: Yes","Accepted name",0,"terrestrial",,"Soulier-Perkins Adeline","10/12/2009","http://rameau.snv.jussieu.fr/cool/database.php?lang=en&card=subspecies&id=2927",,
2928,1919,"bifasciatus","Signoret, 1860",,"original combination, valid: Yes","Accepted name",0,"terrestrial",,"Soulier-Perkins Adeline","10/12/2009","http://rameau.snv.jussieu.fr/cool/database.php?lang=en&card=subspecies&id=2928",,
2929,1919,"c","Stål, 1866",,"original combination, valid: Yes","Accepted name",0,"terrestrial",,"Soulier-Perkins Adeline","10/12/2009","http://rameau.snv.jussieu.fr/cool/database.php?lang=en&card=subspecies&id=2929",,
2930,1919,"compactus","Lallemand & Synave, 1952",,"original combination, valid: Yes","Accepted name",0,"terrestrial",,"Soulier-Perkins Adeline","10/12/2009","http://rameau.snv.jussieu.fr/cool/database.php?lang=en&card=subspecies&id=2930",,
2931,1919,"goudoti","Bennett, 1833",,"original combination, valid: Yes","Accepted name",0,"terrestrial",,"Soulier-Perkins Adeline","10/12/2009","http://rameau.snv.jussieu.fr/cool/database.php?lang=en&card=subspecies&id=2931",,
2938,2939,"aterrimus","(Sahlberg, 1871)",,"new combination, valid: Yes","Accepted name",0,"terrestrial",,"Soulier-Perkins Adeline","10/12/2009","http://rameau.snv.jussieu.fr/cool/database.php?lang=en&card=subspecies&id=2938",,
2967,2966,"numerosa","Lallemand, 1912",,"original combination, valid: Yes","Accepted name",0,"terrestrial",,"Soulier-Perkins Adeline","10/12/2009","http://rameau.snv.jussieu.fr/cool/database.php?lang=en&card=subspecies&id=2967",,
2970,2683,"laeta","(Alfken, 1904)",,"new combination, valid: Yes","Accepted name",0,"terrestrial",,"Soulier-Perkins Adeline","10/12/2009","http://rameau.snv.jussieu.fr/cool/database.php?lang=en&card=subspecies&id=2970",,
2971,2683,"trimaculata","(Myers, 1924)",,"new combination, valid: Yes","Accepted name",0,"terrestrial",,"Soulier-Perkins Adeline","10/12/2009","http://rameau.snv.jussieu.fr/cool/database.php?lang=en&card=subspecies&id=2971",,
2972,2683,"tristis","(Alfken, 1904)",,"new combination, valid: Yes","Accepted name",0,"terrestrial",,"Soulier-Perkins Adeline","10/12/2009","http://rameau.snv.jussieu.fr/cool/database.php?lang=en&card=subspecies&id=2972",,
