"AcceptedTaxonID","CommonName","TransliteratedName","Country","Area","Language","ReferenceID"
864,"Two lined Spittlebug",,"8",,"English",2094
899,"Weinbergs-Butzikade",,"GEROO",,"German",2146
933,"Binden-Blutzikade",,"GEROO",,"German",2146
939,"Gemeine Blutzikade",,"GEROO",,"German",2146
939,"cercope sanguinolent",,"FRAFR",,"French",2148
952,"Kiefern-Blutzikade",,"GEROO",,"German",2146
2251,"Wanst-Schaumzikade",,"GEROO",,"German",2146
2399,"cicadelle écumeuse",,"FRAFR",,"French",2148
2432,"Kiefern-Schaumzikade",,"GEROO",,"German",2146
2523,"Erlen-Schaumzikade",,"GEROO",,"German",2146
2524,"Wiesen-Schaumzikade",,"GEROO",,"German",2146
2677,"Zwenken-Schaumzikade",,"GEROO",,"German",2146
2933,"Alpen-Schaumzikade",,"GEROO",,"German",2146
2935,"Braune Weiden-Schaumzikade",,"GEROO",,"German",2146
2937,"Feld-Schaumzikade",,"GEROO",,"German",2146
2939,"Gras-Schaumzikade",,"GEROO",,"German",2146
2940,"Zwerg-Schaumzikade",,"GEROO",,"German",2146
2959,"Bunte Weiden-Schaumzikade",,"GEROO",,"German",2146
