"AcceptedTaxonID","ParentSpeciesID","InfraSpeciesEpithet","InfraSpeciesAuthorString","InfraSpeciesMarker","GSDNameStatus","Sp2000NameStatus","IsFossil","LifeZone","AdditionalData","LTSSpecialist","LTSDate","InfraSpeciesURL","GSDTaxonGUI","GSDNameGUI"
1167,305,"minor","Crawford, 1912",,"original combination, valid: Yes","Accepted name",0,"terrestrial",,"Ouvrard David","10/12/2009","http://rameau.snv.jussieu.fr/cgi-bin/psyllesexplorer.pl?lang=en&card=subspecies&id=1167",,
1170,1169,"curta","Mathur, 1975",,"original combination, valid: Yes","Accepted name",0,"terrestrial",,"Ouvrard David","10/12/2009","http://rameau.snv.jussieu.fr/cgi-bin/psyllesexplorer.pl?lang=en&card=subspecies&id=1170",,
2343,1506,"kincaidi","(Ashmead, 1904)",,"new combination, valid: Yes","Accepted name",0,"terrestrial",,"Ouvrard David","10/12/2009","http://rameau.snv.jussieu.fr/cgi-bin/psyllesexplorer.pl?lang=en&card=subspecies&id=2343",,
2923,2421,"alaica","Bajeva, 1978",,"original combination, valid: Yes","Accepted name",0,"terrestrial",,"Ouvrard David","10/12/2009","http://rameau.snv.jussieu.fr/cgi-bin/psyllesexplorer.pl?lang=en&card=subspecies&id=2923",,
2929,232,"maculipennis","Uichanco, 1921",,"original combination, valid: Yes","Accepted name",0,"terrestrial",,"Ouvrard David","10/12/2009","http://rameau.snv.jussieu.fr/cgi-bin/psyllesexplorer.pl?lang=en&card=subspecies&id=2929",,
2930,232,"setifera","Crawford, 1913",,"original combination, valid: Yes","Accepted name",0,"terrestrial",,"Ouvrard David","10/12/2009","http://rameau.snv.jussieu.fr/cgi-bin/psyllesexplorer.pl?lang=en&card=subspecies&id=2930",,
