"AcceptedTaxonID","CommonName","TransliteratedName","Country","Area","Language","ReferenceID"
86,"Asian citrus psyllid",,"ALAOO,ALUOO,ARIOO,ARKOO,ASKOO,CALOO,CNTOO,COLOO,DELOO,FLAOO,GEOOO,IDAOO,ILLOO,INIOO,IOWOO,KANOO,KTYOO,LOUOO,MAIOO,MASOO,MICOO,MINOO,MNTOO,MRYOO,MSIOO,MSOOO,NCAOO,NDAOO,NEBOO,NEVOO,NWHOO,NWJOO,NWMOO,NWYOO,OHIOO,OKLOO,OREOO,PENOO,RHOOO,SCAOO,SDAOO,TENOO,TEXOO,UTAOO,VEROO,VRGOO,WASOO,WDCOO,WISOO,WVAOO,WYOOO,HAWHI",,"English",862
86,"Asian citrus psyllid",,"ALAOO,ALUOO,ARIOO,ARKOO,ASKOO,CALOO,CNTOO,COLOO,DELOO,FLAOO,GEOOO,IDAOO,ILLOO,INIOO,IOWOO,KANOO,KTYOO,LOUOO,MAIOO,MASOO,MICOO,MINOO,MNTOO,MRYOO,MSIOO,MSOOO,NCAOO,NDAOO,NEBOO,NEVOO,NWHOO,NWJOO,NWMOO,NWYOO,OHIOO,OKLOO,OREOO,PENOO,RHOOO,SCAOO,SDAOO,TENOO,TEXOO,UTAOO,VEROO,VRGOO,WASOO,WDCOO,WISOO,WVAOO,WYOOO,HAWHI",,"English",896
86,"Asian citrus psyllid",,"ALAOO,ALUOO,ARIOO,ARKOO,ASKOO,CALOO,CNTOO,COLOO,DELOO,FLAOO,GEOOO,IDAOO,ILLOO,INIOO,IOWOO,KANOO,KTYOO,LOUOO,MAIOO,MASOO,MICOO,MINOO,MNTOO,MRYOO,MSIOO,MSOOO,NCAOO,NDAOO,NEBOO,NEVOO,NWHOO,NWJOO,NWMOO,NWYOO,OHIOO,OKLOO,OREOO,PENOO,RHOOO,SCAOO,SDAOO,TENOO,TEXOO,UTAOO,VEROO,VRGOO,WASOO,WDCOO,WISOO,WVAOO,WYOOO,HAWHI",,"English",897
86,"Asian citrus psyllid",,"ALAOO,ALUOO,ARIOO,ARKOO,ASKOO,CALOO,CNTOO,COLOO,DELOO,FLAOO,GEOOO,IDAOO,ILLOO,INIOO,IOWOO,KANOO,KTYOO,LOUOO,MAIOO,MASOO,MICOO,MINOO,MNTOO,MRYOO,MSIOO,MSOOO,NCAOO,NDAOO,NEBOO,NEVOO,NWHOO,NWJOO,NWMOO,NWYOO,OHIOO,OKLOO,OREOO,PENOO,RHOOO,SCAOO,SDAOO,TENOO,TEXOO,UTAOO,VEROO,VRGOO,WASOO,WDCOO,WISOO,WVAOO,WYOOO,HAWHI",,"English",889
86,"Asian citrus psyllid",,"ALAOO,ALUOO,ARIOO,ARKOO,ASKOO,CALOO,CNTOO,COLOO,DELOO,FLAOO,GEOOO,IDAOO,ILLOO,INIOO,IOWOO,KANOO,KTYOO,LOUOO,MAIOO,MASOO,MICOO,MINOO,MNTOO,MRYOO,MSIOO,MSOOO,NCAOO,NDAOO,NEBOO,NEVOO,NWHOO,NWJOO,NWMOO,NWYOO,OHIOO,OKLOO,OREOO,PENOO,RHOOO,SCAOO,SDAOO,TENOO,TEXOO,UTAOO,VEROO,VRGOO,WASOO,WDCOO,WISOO,WVAOO,WYOOO,HAWHI",,"English",937
86,"Asian citrus psyllid",,"ALAOO,ALUOO,ARIOO,ARKOO,ASKOO,CALOO,CNTOO,COLOO,DELOO,FLAOO,GEOOO,IDAOO,ILLOO,INIOO,IOWOO,KANOO,KTYOO,LOUOO,MAIOO,MASOO,MICOO,MINOO,MNTOO,MRYOO,MSIOO,MSOOO,NCAOO,NDAOO,NEBOO,NEVOO,NWHOO,NWJOO,NWMOO,NWYOO,OHIOO,OKLOO,OREOO,PENOO,RHOOO,SCAOO,SDAOO,TENOO,TEXOO,UTAOO,VEROO,VRGOO,WASOO,WDCOO,WISOO,WVAOO,WYOOO,HAWHI",,"English",938
86,"Asian citrus psyllid",,"ALAOO,ALUOO,ARIOO,ARKOO,ASKOO,CALOO,CNTOO,COLOO,DELOO,FLAOO,GEOOO,IDAOO,ILLOO,INIOO,IOWOO,KANOO,KTYOO,LOUOO,MAIOO,MASOO,MICOO,MINOO,MNTOO,MRYOO,MSIOO,MSOOO,NCAOO,NDAOO,NEBOO,NEVOO,NWHOO,NWJOO,NWMOO,NWYOO,OHIOO,OKLOO,OREOO,PENOO,RHOOO,SCAOO,SDAOO,TENOO,TEXOO,UTAOO,VEROO,VRGOO,WASOO,WDCOO,WISOO,WVAOO,WYOOO,HAWHI",,"English",902
86,"Asian citrus psyllid",,"",,"English",939
