"AcceptedTaxonID","DistributionElement","StandardInUse","DistributionStatus"
1,"PEROO","TDWG Level 4 code","native"
1,"CLMOO","TDWG Level 4 code","native"
1,"PANOO","TDWG Level 4 code","native"
1,"84","TDWG Level 4 code","native"
1,"BOLOO","TDWG Level 4 code","native"
1,"VENOO","TDWG Level 4 code","native"
2,"CLMOO","TDWG Level 4 code","native"
2,"VENOO","TDWG Level 4 code","native"
3,"84","TDWG Level 4 code","native"
4,"84","TDWG Level 4 code","native"
4,"BOLOO","TDWG Level 4 code","native"
4,"PAROO","TDWG Level 4 code","native"
5,"84","TDWG Level 4 code","native"
6,"84","TDWG Level 4 code","native"
6,"HONOO","TDWG Level 4 code","native"
7,"VENOO","TDWG Level 4 code","native"
8,"84","TDWG Level 4 code","native"
9,"PEROO","TDWG Level 4 code","native"
9,"HONOO","TDWG Level 4 code","native"
9,"BLZOO","TDWG Level 4 code","native"
9,"CLMOO","TDWG Level 4 code","native"
9,"ECUOO","TDWG Level 4 code","native"
9,"BOLOO","TDWG Level 4 code","native"
9,"79","TDWG Level 4 code","native"
9,"COSOO","TDWG Level 4 code","native"
9,"PANOO","TDWG Level 4 code","native"
9,"84","TDWG Level 4 code","native"
10,"84","TDWG Level 4 code","native"
11,"79","TDWG Level 4 code","native"
11,"BLZOO","TDWG Level 4 code","native"
11,"CLMOO","TDWG Level 4 code","native"
11,"COSOO","TDWG Level 4 code","native"
11,"PANOO","TDWG Level 4 code","native"
12,"BLZOO","TDWG Level 4 code","native"
12,"CLMOO","TDWG Level 4 code","native"
12,"PANOO","TDWG Level 4 code","native"
12,"ECUOO","TDWG Level 4 code","native"
13,"84","TDWG Level 4 code","native"
14,"84","TDWG Level 4 code","native"
15,"84","TDWG Level 4 code","native"
16,"84","TDWG Level 4 code","native"
17,"PEROO","TDWG Level 4 code","native"
17,"CLMOO","TDWG Level 4 code","native"
17,"ECUOO","TDWG Level 4 code","native"
17,"84","TDWG Level 4 code","native"
17,"BOLOO","TDWG Level 4 code","native"
18,"84","TDWG Level 4 code","native"
18,"FRGOO","TDWG Level 4 code","native"
18,"VENOO","TDWG Level 4 code","native"
18,"BOLOO","TDWG Level 4 code","native"
18,"SUROO","TDWG Level 4 code","native"
19,"84","TDWG Level 4 code","native"
19,"FRGOO","TDWG Level 4 code","native"
20,"FRGOO","TDWG Level 4 code","native"
20,"SUROO","TDWG Level 4 code","native"
20,"PANOO","TDWG Level 4 code","native"
20,"84","TDWG Level 4 code","native"
21,"84","TDWG Level 4 code","native"
22,"84","TDWG Level 4 code","native"
23,"84","TDWG Level 4 code","native"
23,"ECUOO","TDWG Level 4 code","native"
23,"PEROO","TDWG Level 4 code","native"
24,"PEROO","TDWG Level 4 code","native"
24,"CLMOO","TDWG Level 4 code","native"
24,"ECUOO","TDWG Level 4 code","native"
24,"TRTOO","TDWG Level 4 code","native"
24,"BOLOO","TDWG Level 4 code","native"
24,"PAROO","TDWG Level 4 code","native"
24,"COSOO","TDWG Level 4 code","native"
24,"PANOO","TDWG Level 4 code","native"
24,"84","TDWG Level 4 code","native"
24,"FRGOO","TDWG Level 4 code","native"
24,"VENOO","TDWG Level 4 code","native"
25,"PEROO","TDWG Level 4 code","native"
25,"CLMOO","TDWG Level 4 code","native"
25,"ECUOO","TDWG Level 4 code","native"
25,"TRTOO","TDWG Level 4 code","native"
25,"84","TDWG Level 4 code","native"
25,"FRGOO","TDWG Level 4 code","native"
25,"SUROO","TDWG Level 4 code","native"
26,"HONOO","TDWG Level 4 code","native"
26,"CLMOO","TDWG Level 4 code","native"
26,"COSOO","TDWG Level 4 code","native"
26,"PANOO","TDWG Level 4 code","native"
26,"ECUOO","TDWG Level 4 code","native"
26,"NICOO","TDWG Level 4 code","native"
26,"ELSOO","TDWG Level 4 code","native"
27,"84","TDWG Level 4 code","native"
27,"FRGOO","TDWG Level 4 code","native"
27,"PEROO","TDWG Level 4 code","native"
28,"BLZOO","TDWG Level 4 code","native"
28,"79","TDWG Level 4 code","native"
28,"CLMOO","TDWG Level 4 code","native"
28,"COSOO","TDWG Level 4 code","native"
28,"PANOO","TDWG Level 4 code","native"
29,"84","TDWG Level 4 code","native"
29,"BOLOO","TDWG Level 4 code","native"
29,"PEROO","TDWG Level 4 code","native"
30,"84","TDWG Level 4 code","native"
30,"FRGOO","TDWG Level 4 code","native"
31,"84","TDWG Level 4 code","native"
31,"AGEBA,AGECH,AGECN,AGECO,AGEDF,AGEER,AGEFO,AGELP,AGEMI,AGSCB,AGSNE,AGSRN,AGSSC,AGESF,AGSTF,AGWCA,AGWJU,AGWLR,AGWME,AGWSA,AGWSE,AGWSJ,AGWSL,AGWTU","TDWG Level 4 code","native"
32,"PEROO","TDWG Level 4 code","native"
32,"CLMOO","TDWG Level 4 code","native"
32,"COSOO","TDWG Level 4 code","native"
32,"PANOO","TDWG Level 4 code","native"
32,"84","TDWG Level 4 code","native"
33,"79","TDWG Level 4 code","native"
33,"ALAOO,ALUOO,ARIOO,ARKOO,ASKOO,CALOO,CNTOO,COLOO,DELOO,FLAOO,GEOOO,IDAOO,ILLOO,INIOO,IOWOO,KANOO,KTYOO,LOUOO,MAIOO,MASOO,MICOO,MINOO,MNTOO,MRYOO,MSIOO,MSOOO,NCAOO,NDAOO,NEBOO,NEVOO,NWHOO,NWJOO,NWMOO,NWYOO,OHIOO,OKLOO,OREOO,PENOO,RHOOO,SCAOO,SDAOO,TENOO,TEXOO,UTAOO,VEROO,VRGOO,WASOO,WDCOO,WISOO,WVAOO,WYOOO,HAWHI","TDWG Level 4 code","native"
34,"VENOO","TDWG Level 4 code","native"
34,"CLMOO","TDWG Level 4 code","native"
34,"ECUOO","TDWG Level 4 code","native"
34,"84","TDWG Level 4 code","native"
35,"PEROO","TDWG Level 4 code","native"
35,"CLMOO","TDWG Level 4 code","native"
35,"COSOO","TDWG Level 4 code","native"
35,"PANOO","TDWG Level 4 code","native"
35,"ECUOO","TDWG Level 4 code","native"
36,"84","TDWG Level 4 code","native"
36,"FRGOO","TDWG Level 4 code","native"
36,"PEROO","TDWG Level 4 code","native"
37,"ABTOO,BRCOO,LABOO,MANOO,NBROO,NFLNE,NSLOO,NUNOO,NWTOO,ONTOO,PEIOO,QUEOO,SASOO,YUKOO","TDWG Level 4 code","native"
37,"ALAOO,ALUOO,ARIOO,ARKOO,ASKOO,CALOO,CNTOO,COLOO,DELOO,FLAOO,GEOOO,IDAOO,ILLOO,INIOO,IOWOO,KANOO,KTYOO,LOUOO,MAIOO,MASOO,MICOO,MINOO,MNTOO,MRYOO,MSIOO,MSOOO,NCAOO,NDAOO,NEBOO,NEVOO,NWHOO,NWJOO,NWMOO,NWYOO,OHIOO,OKLOO,OREOO,PENOO,RHOOO,SCAOO,SDAOO,TENOO,TEXOO,UTAOO,VEROO,VRGOO,WASOO,WDCOO,WISOO,WVAOO,WYOOO,HAWHI","TDWG Level 4 code","native"
38,"79","TDWG Level 4 code","native"
38,"HONOO","TDWG Level 4 code","native"
39,"GUAOO","TDWG Level 4 code","native"
39,"HONOO","TDWG Level 4 code","native"
39,"79","TDWG Level 4 code","native"
39,"BLZOO","TDWG Level 4 code","native"
39,"COSOO","TDWG Level 4 code","native"
39,"ELSOO","TDWG Level 4 code","native"
40,"BLZOO","TDWG Level 4 code","native"
40,"GUAOO","TDWG Level 4 code","native"
41,"CLMOO","TDWG Level 4 code","native"
41,"COSOO","TDWG Level 4 code","native"
41,"PANOO","TDWG Level 4 code","native"
42,"79","TDWG Level 4 code","native"
42,"BLZOO","TDWG Level 4 code","native"
43,"COSOO","TDWG Level 4 code","native"
43,"NICOO","TDWG Level 4 code","native"
43,"PANOO","TDWG Level 4 code","native"
44,"COSOO","TDWG Level 4 code","native"
44,"PANOO","TDWG Level 4 code","native"
44,"CLMOO","TDWG Level 4 code","native"
44,"ECUOO","TDWG Level 4 code","native"
45,"COSOO","TDWG Level 4 code","native"
45,"PANOO","TDWG Level 4 code","native"
46,"COSOO","TDWG Level 4 code","native"
46,"HONOO","TDWG Level 4 code","native"
46,"NICOO","TDWG Level 4 code","native"
47,"79","TDWG Level 4 code","native"
47,"ALAOO,ALUOO,ARIOO,ARKOO,ASKOO,CALOO,CNTOO,COLOO,DELOO,FLAOO,GEOOO,IDAOO,ILLOO,INIOO,IOWOO,KANOO,KTYOO,LOUOO,MAIOO,MASOO,MICOO,MINOO,MNTOO,MRYOO,MSIOO,MSOOO,NCAOO,NDAOO,NEBOO,NEVOO,NWHOO,NWJOO,NWMOO,NWYOO,OHIOO,OKLOO,OREOO,PENOO,RHOOO,SCAOO,SDAOO,TENOO,TEXOO,UTAOO,VEROO,VRGOO,WASOO,WDCOO,WISOO,WVAOO,WYOOO,HAWHI","TDWG Level 4 code","native"
48,"79","TDWG Level 4 code","native"
48,"ELSOO","TDWG Level 4 code","native"
48,"GUAOO","TDWG Level 4 code","native"
49,"79","TDWG Level 4 code","native"
49,"ELSOO","TDWG Level 4 code","native"
50,"COSOO","TDWG Level 4 code","native"
50,"PANOO","TDWG Level 4 code","native"
51,"79","TDWG Level 4 code","native"
51,"BLZOO","TDWG Level 4 code","native"
51,"GUAOO","TDWG Level 4 code","native"
52,"CLMOO","TDWG Level 4 code","native"
52,"COSOO","TDWG Level 4 code","native"
52,"PANOO","TDWG Level 4 code","native"
53,"79","TDWG Level 4 code","native"
53,"BLZOO","TDWG Level 4 code","native"
53,"GUAOO","TDWG Level 4 code","native"
54,"79","TDWG Level 4 code","native"
55,"GUAOO","TDWG Level 4 code","native"
56,"HONOO","TDWG Level 4 code","native"
56,"79","TDWG Level 4 code","native"
56,"CLMOO","TDWG Level 4 code","native"
56,"COSOO","TDWG Level 4 code","native"
56,"PANOO","TDWG Level 4 code","native"
56,"ECUOO","TDWG Level 4 code","native"
56,"NICOO","TDWG Level 4 code","native"
57,"PEROO","TDWG Level 4 code","native"
57,"CLMOO","TDWG Level 4 code","native"
57,"84","TDWG Level 4 code","native"
57,"FRGOO","TDWG Level 4 code","native"
57,"VENOO","TDWG Level 4 code","native"
58,"84","TDWG Level 4 code","native"
59,"BOLOO","TDWG Level 4 code","native"
59,"PEROO","TDWG Level 4 code","native"
60,"84","TDWG Level 4 code","native"
60,"VENOO","TDWG Level 4 code","native"
61,"84","TDWG Level 4 code","native"
62,"84","TDWG Level 4 code","native"
62,"FRGOO","TDWG Level 4 code","native"
63,"84","TDWG Level 4 code","native"
63,"CLMOO","TDWG Level 4 code","native"
64,"CLMOO","TDWG Level 4 code","native"
64,"84","TDWG Level 4 code","native"
64,"FRGOO","TDWG Level 4 code","native"
64,"BOLOO","TDWG Level 4 code","native"
64,"SUROO","TDWG Level 4 code","native"
65,"84","TDWG Level 4 code","native"
65,"VENOO","TDWG Level 4 code","native"
66,"CLMOO","TDWG Level 4 code","native"
66,"84","TDWG Level 4 code","native"
66,"FRGOO","TDWG Level 4 code","native"
66,"VENOO","TDWG Level 4 code","native"
66,"SUROO","TDWG Level 4 code","native"
67,"84","TDWG Level 4 code","native"
67,"FRGOO","TDWG Level 4 code","native"
67,"VENOO","TDWG Level 4 code","native"
68,"84","TDWG Level 4 code","native"
68,"PAROO","TDWG Level 4 code","native"
69,"ALAOO,ALUOO,ARIOO,ARKOO,ASKOO,CALOO,CNTOO,COLOO,DELOO,FLAOO,GEOOO,IDAOO,ILLOO,INIOO,IOWOO,KANOO,KTYOO,LOUOO,MAIOO,MASOO,MICOO,MINOO,MNTOO,MRYOO,MSIOO,MSOOO,NCAOO,NDAOO,NEBOO,NEVOO,NWHOO,NWJOO,NWMOO,NWYOO,OHIOO,OKLOO,OREOO,PENOO,RHOOO,SCAOO,SDAOO,TENOO,TEXOO,UTAOO,VEROO,VRGOO,WASOO,WDCOO,WISOO,WVAOO,WYOOO,HAWHI","TDWG Level 4 code","native"
70,"ECUOO","TDWG Level 4 code","native"
70,"PEROO","TDWG Level 4 code","native"
71,"PEROO","TDWG Level 4 code","native"
72,"PANOO","TDWG Level 4 code","native"
73,"PEROO","TDWG Level 4 code","native"
74,"VENOO","TDWG Level 4 code","native"
75,"CLMOO","TDWG Level 4 code","native"
76,"CLMOO","TDWG Level 4 code","native"
76,"VENOO","TDWG Level 4 code","native"
77,"PEROO","TDWG Level 4 code","native"
77,"COSOO","TDWG Level 4 code","native"
77,"PANOO","TDWG Level 4 code","native"
77,"CLMOO","TDWG Level 4 code","native"
77,"ECUOO","TDWG Level 4 code","native"
78,"PEROO","TDWG Level 4 code","native"
79,"VENOO","TDWG Level 4 code","native"
80,"PEROO","TDWG Level 4 code","native"
81,"79","TDWG Level 4 code","native"
81,"ALAOO,ALUOO,ARIOO,ARKOO,ASKOO,CALOO,CNTOO,COLOO,DELOO,FLAOO,GEOOO,IDAOO,ILLOO,INIOO,IOWOO,KANOO,KTYOO,LOUOO,MAIOO,MASOO,MICOO,MINOO,MNTOO,MRYOO,MSIOO,MSOOO,NCAOO,NDAOO,NEBOO,NEVOO,NWHOO,NWJOO,NWMOO,NWYOO,OHIOO,OKLOO,OREOO,PENOO,RHOOO,SCAOO,SDAOO,TENOO,TEXOO,UTAOO,VEROO,VRGOO,WASOO,WDCOO,WISOO,WVAOO,WYOOO,HAWHI","TDWG Level 4 code","native"
82,"PEROO","TDWG Level 4 code","native"
82,"BOLOO","TDWG Level 4 code","native"
82,"CLMOO","TDWG Level 4 code","native"
82,"ECUOO","TDWG Level 4 code","native"
83,"BOLOO","TDWG Level 4 code","native"
83,"PEROO","TDWG Level 4 code","native"
84,"PEROO","TDWG Level 4 code","native"
85,"HONOO","TDWG Level 4 code","native"
85,"COSOO","TDWG Level 4 code","native"
85,"PANOO","TDWG Level 4 code","native"
85,"CLMOO","TDWG Level 4 code","native"
85,"NICOO","TDWG Level 4 code","native"
86,"CLMOO","TDWG Level 4 code","native"
86,"VENOO","TDWG Level 4 code","native"
87,"79","TDWG Level 4 code","native"
88,"CLMOO","TDWG Level 4 code","native"
89,"PEROO","TDWG Level 4 code","native"
90,"CLMOO","TDWG Level 4 code","native"
90,"ECUOO","TDWG Level 4 code","native"
91,"VENOO","TDWG Level 4 code","native"
92,"79","TDWG Level 4 code","native"
93,"79","TDWG Level 4 code","native"
93,"ALAOO,ALUOO,ARIOO,ARKOO,ASKOO,CALOO,CNTOO,COLOO,DELOO,FLAOO,GEOOO,IDAOO,ILLOO,INIOO,IOWOO,KANOO,KTYOO,LOUOO,MAIOO,MASOO,MICOO,MINOO,MNTOO,MRYOO,MSIOO,MSOOO,NCAOO,NDAOO,NEBOO,NEVOO,NWHOO,NWJOO,NWMOO,NWYOO,OHIOO,OKLOO,OREOO,PENOO,RHOOO,SCAOO,SDAOO,TENOO,TEXOO,UTAOO,VEROO,VRGOO,WASOO,WDCOO,WISOO,WVAOO,WYOOO,HAWHI","TDWG Level 4 code","native"
94,"79","TDWG Level 4 code","native"
95,"84","TDWG Level 4 code","native"
96,"84","TDWG Level 4 code","native"
96,"PAROO","TDWG Level 4 code","native"
97,"84","TDWG Level 4 code","native"
98,"84","TDWG Level 4 code","native"
99,"84","TDWG Level 4 code","native"
100,"CLMOO","TDWG Level 4 code","native"
101,"PEROO","TDWG Level 4 code","native"
102,"PEROO","TDWG Level 4 code","native"
103,"CLMOO","TDWG Level 4 code","native"
104,"84","TDWG Level 4 code","native"
105,"84","TDWG Level 4 code","native"
105,"FRGOO","TDWG Level 4 code","native"
106,"84","TDWG Level 4 code","native"
107,"84","TDWG Level 4 code","native"
108,"84","TDWG Level 4 code","native"
109,"HONOO","TDWG Level 4 code","native"
109,"BLZOO","TDWG Level 4 code","native"
109,"ALAOO,ALUOO,ARIOO,ARKOO,ASKOO,CALOO,CNTOO,COLOO,DELOO,FLAOO,GEOOO,IDAOO,ILLOO,INIOO,IOWOO,KANOO,KTYOO,LOUOO,MAIOO,MASOO,MICOO,MINOO,MNTOO,MRYOO,MSIOO,MSOOO,NCAOO,NDAOO,NEBOO,NEVOO,NWHOO,NWJOO,NWMOO,NWYOO,OHIOO,OKLOO,OREOO,PENOO,RHOOO,SCAOO,SDAOO,TENOO,TEXOO,UTAOO,VEROO,VRGOO,WASOO,WDCOO,WISOO,WVAOO,WYOOO,HAWHI","TDWG Level 4 code","native"
109,"79","TDWG Level 4 code","native"
109,"COSOO","TDWG Level 4 code","native"
109,"PANOO","TDWG Level 4 code","native"
109,"NICOO","TDWG Level 4 code","native"
109,"ELSOO","TDWG Level 4 code","native"
110,"84","TDWG Level 4 code","native"
111,"79","TDWG Level 4 code","native"
111,"ALAOO,ALUOO,ARIOO,ARKOO,ASKOO,CALOO,CNTOO,COLOO,DELOO,FLAOO,GEOOO,IDAOO,ILLOO,INIOO,IOWOO,KANOO,KTYOO,LOUOO,MAIOO,MASOO,MICOO,MINOO,MNTOO,MRYOO,MSIOO,MSOOO,NCAOO,NDAOO,NEBOO,NEVOO,NWHOO,NWJOO,NWMOO,NWYOO,OHIOO,OKLOO,OREOO,PENOO,RHOOO,SCAOO,SDAOO,TENOO,TEXOO,UTAOO,VEROO,VRGOO,WASOO,WDCOO,WISOO,WVAOO,WYOOO,HAWHI","TDWG Level 4 code","native"
112,"84","TDWG Level 4 code","native"
113,"PEROO","TDWG Level 4 code","native"
113,"BOLOO","TDWG Level 4 code","native"
113,"CLMOO","TDWG Level 4 code","native"
113,"84","TDWG Level 4 code","native"
114,"84","TDWG Level 4 code","native"
114,"BOLOO","TDWG Level 4 code","native"
115,"84","TDWG Level 4 code","native"
116,"84","TDWG Level 4 code","native"
116,"URUOO","TDWG Level 4 code","native"
117,"84","TDWG Level 4 code","native"
118,"PEROO","TDWG Level 4 code","native"
118,"HONOO","TDWG Level 4 code","native"
118,"CLMOO","TDWG Level 4 code","native"
118,"ECUOO","TDWG Level 4 code","native"
118,"TRTOO","TDWG Level 4 code","native"
118,"BOLOO","TDWG Level 4 code","native"
118,"ELSOO","TDWG Level 4 code","native"
118,"COSOO","TDWG Level 4 code","native"
118,"PANOO","TDWG Level 4 code","native"
118,"NICOO","TDWG Level 4 code","native"
118,"84","TDWG Level 4 code","native"
118,"FRGOO","TDWG Level 4 code","native"
118,"VENOO","TDWG Level 4 code","native"
119,"84","TDWG Level 4 code","native"
120,"84","TDWG Level 4 code","native"
121,"PEROO","TDWG Level 4 code","native"
121,"CLMOO","TDWG Level 4 code","native"
121,"ECUOO","TDWG Level 4 code","native"
121,"TRTOO","TDWG Level 4 code","native"
121,"COSOO","TDWG Level 4 code","native"
121,"PANOO","TDWG Level 4 code","native"
121,"84","TDWG Level 4 code","native"
121,"FRGOO","TDWG Level 4 code","native"
121,"VENOO","TDWG Level 4 code","native"
122,"HONOO","TDWG Level 4 code","native"
122,"CLMOO","TDWG Level 4 code","native"
122,"AGEBA,AGECH,AGECN,AGECO,AGEDF,AGEER,AGEFO,AGELP,AGEMI,AGSCB,AGSNE,AGSRN,AGSSC,AGESF,AGSTF,AGWCA,AGWJU,AGWLR,AGWME,AGWSA,AGWSE,AGWSJ,AGWSL,AGWTU","TDWG Level 4 code","native"
122,"BOLOO","TDWG Level 4 code","native"
122,"ELSOO","TDWG Level 4 code","native"
122,"GUAOO","TDWG Level 4 code","native"
122,"PAROO","TDWG Level 4 code","native"
122,"79","TDWG Level 4 code","native"
122,"COSOO","TDWG Level 4 code","native"
122,"PANOO","TDWG Level 4 code","native"
122,"NICOO","TDWG Level 4 code","native"
122,"84","TDWG Level 4 code","native"
122,"VENOO","TDWG Level 4 code","native"
123,"84","TDWG Level 4 code","native"
123,"CLMOO","TDWG Level 4 code","native"
124,"84","TDWG Level 4 code","native"
125,"84","TDWG Level 4 code","native"
125,"BOLOO","TDWG Level 4 code","native"
125,"PEROO","TDWG Level 4 code","native"
126,"84","TDWG Level 4 code","native"
127,"FRGOO","TDWG Level 4 code","native"
127,"BOLOO","TDWG Level 4 code","native"
127,"ECUOO","TDWG Level 4 code","native"
127,"84","TDWG Level 4 code","native"
128,"CLMOO","TDWG Level 4 code","native"
128,"COSOO","TDWG Level 4 code","native"
128,"PANOO","TDWG Level 4 code","native"
128,"LEEGU","TDWG Level 4 code","native"
128,"TRTOO","TDWG Level 4 code","native"
128,"VENOO","TDWG Level 4 code","native"
128,"LEEVI","TDWG Level 4 code","native"
128,"WINMA","TDWG Level 4 code","native"
129,"ALAOO,ALUOO,ARIOO,ARKOO,ASKOO,CALOO,CNTOO,COLOO,DELOO,FLAOO,GEOOO,IDAOO,ILLOO,INIOO,IOWOO,KANOO,KTYOO,LOUOO,MAIOO,MASOO,MICOO,MINOO,MNTOO,MRYOO,MSIOO,MSOOO,NCAOO,NDAOO,NEBOO,NEVOO,NWHOO,NWJOO,NWMOO,NWYOO,OHIOO,OKLOO,OREOO,PENOO,RHOOO,SCAOO,SDAOO,TENOO,TEXOO,UTAOO,VEROO,VRGOO,WASOO,WDCOO,WISOO,WVAOO,WYOOO,HAWHI","TDWG Level 4 code","native"
130,"CAY","TDWG Level 4 code","native"
131,"PEROO","TDWG Level 4 code","native"
131,"HONOO","TDWG Level 4 code","native"
131,"BLZOO","TDWG Level 4 code","native"
131,"CLMOO","TDWG Level 4 code","native"
131,"ECUOO","TDWG Level 4 code","native"
131,"TRTOO","TDWG Level 4 code","native"
131,"ELSOO","TDWG Level 4 code","native"
131,"79","TDWG Level 4 code","native"
131,"COSOO","TDWG Level 4 code","native"
131,"PANOO","TDWG Level 4 code","native"
131,"84","TDWG Level 4 code","native"
131,"FRGOO","TDWG Level 4 code","native"
131,"VENOO","TDWG Level 4 code","native"
132,"CUBOO","TDWG Level 4 code","native"
133,"DOMOO","TDWG Level 4 code","native"
133,"HAIHA","TDWG Level 4 code","native"
134,"JAMOO","TDWG Level 4 code","native"
135,"79","TDWG Level 4 code","native"
135,"BLZOO","TDWG Level 4 code","native"
135,"GUAOO","TDWG Level 4 code","native"
136,"PUE","TDWG Level 4 code","native"
137,"LEEVI","TDWG Level 4 code","native"
137,"PUE","TDWG Level 4 code","native"
138,"HONOO","TDWG Level 4 code","native"
138,"79","TDWG Level 4 code","native"
138,"COSOO","TDWG Level 4 code","native"
138,"PANOO","TDWG Level 4 code","native"
138,"ELSOO","TDWG Level 4 code","native"
139,"79","TDWG Level 4 code","native"
140,"ALAOO,ALUOO,ARIOO,ARKOO,ASKOO,CALOO,CNTOO,COLOO,DELOO,FLAOO,GEOOO,IDAOO,ILLOO,INIOO,IOWOO,KANOO,KTYOO,LOUOO,MAIOO,MASOO,MICOO,MINOO,MNTOO,MRYOO,MSIOO,MSOOO,NCAOO,NDAOO,NEBOO,NEVOO,NWHOO,NWJOO,NWMOO,NWYOO,OHIOO,OKLOO,OREOO,PENOO,RHOOO,SCAOO,SDAOO,TENOO,TEXOO,UTAOO,VEROO,VRGOO,WASOO,WDCOO,WISOO,WVAOO,WYOOO,HAWHI","TDWG Level 4 code","native"
140,"CUBOO","TDWG Level 4 code","native"
141,"JAMOO","TDWG Level 4 code","native"
142,"79","TDWG Level 4 code","native"
142,"ELSOO","TDWG Level 4 code","native"
142,"HONOO","TDWG Level 4 code","native"
143,"79","TDWG Level 4 code","native"
144,"79","TDWG Level 4 code","native"
145,"VENOO","TDWG Level 4 code","native"
146,"PEROO","TDWG Level 4 code","native"
146,"CLMOO","TDWG Level 4 code","native"
146,"ECUOO","TDWG Level 4 code","native"
146,"TRTOO","TDWG Level 4 code","native"
146,"BOLOO","TDWG Level 4 code","native"
146,"COSOO","TDWG Level 4 code","native"
146,"PANOO","TDWG Level 4 code","native"
146,"84","TDWG Level 4 code","native"
146,"FRGOO","TDWG Level 4 code","native"
146,"VENOO","TDWG Level 4 code","native"
147,"84","TDWG Level 4 code","native"
148,"84","TDWG Level 4 code","native"
149,"FRGOO","TDWG Level 4 code","native"
150,"84","TDWG Level 4 code","native"
151,"CLMOO","TDWG Level 4 code","native"
151,"VENOO","TDWG Level 4 code","native"
152,"79","TDWG Level 4 code","native"
153,"CLMOO","TDWG Level 4 code","native"
153,"VENOO","TDWG Level 4 code","native"
154,"BOLOO","TDWG Level 4 code","native"
155,"84","TDWG Level 4 code","native"
155,"BOLOO","TDWG Level 4 code","native"
156,"84","TDWG Level 4 code","native"
157,"84","TDWG Level 4 code","native"
158,"84","TDWG Level 4 code","native"
159,"PEROO","TDWG Level 4 code","native"
159,"PAROO","TDWG Level 4 code","native"
159,"URUOO","TDWG Level 4 code","native"
159,"84","TDWG Level 4 code","native"
159,"AGEBA,AGECH,AGECN,AGECO,AGEDF,AGEER,AGEFO,AGELP,AGEMI,AGSCB,AGSNE,AGSRN,AGSSC,AGESF,AGSTF,AGWCA,AGWJU,AGWLR,AGWME,AGWSA,AGWSE,AGWSJ,AGWSL,AGWTU","TDWG Level 4 code","native"
159,"BOLOO","TDWG Level 4 code","native"
160,"84","TDWG Level 4 code","native"
161,"84","TDWG Level 4 code","native"
162,"CLMOO","TDWG Level 4 code","native"
162,"COSOO","TDWG Level 4 code","native"
162,"PANOO","TDWG Level 4 code","native"
162,"TRTOO","TDWG Level 4 code","native"
162,"84","TDWG Level 4 code","native"
162,"VENOO","TDWG Level 4 code","native"
163,"84","TDWG Level 4 code","native"
164,"84","TDWG Level 4 code","native"
165,"84","TDWG Level 4 code","native"
166,"84","TDWG Level 4 code","native"
167,"84","TDWG Level 4 code","native"
168,"PEROO","TDWG Level 4 code","native"
168,"PAROO","TDWG Level 4 code","native"
168,"CLMOO","TDWG Level 4 code","native"
168,"TRTOO","TDWG Level 4 code","native"
168,"84","TDWG Level 4 code","native"
168,"BOLOO","TDWG Level 4 code","native"
168,"VENOO","TDWG Level 4 code","native"
168,"AGEBA,AGECH,AGECN,AGECO,AGEDF,AGEER,AGEFO,AGELP,AGEMI,AGSCB,AGSNE,AGSRN,AGSSC,AGESF,AGSTF,AGWCA,AGWJU,AGWLR,AGWME,AGWSA,AGWSE,AGWSJ,AGWSL,AGWTU","TDWG Level 4 code","native"
169,"84","TDWG Level 4 code","native"
169,"FRGOO","TDWG Level 4 code","native"
169,"SUROO","TDWG Level 4 code","native"
170,"84","TDWG Level 4 code","native"
171,"PEROO","TDWG Level 4 code","native"
171,"BOLOO","TDWG Level 4 code","native"
171,"AGEBA,AGECH,AGECN,AGECO,AGEDF,AGEER,AGEFO,AGELP,AGEMI,AGSCB,AGSNE,AGSRN,AGSSC,AGESF,AGSTF,AGWCA,AGWJU,AGWLR,AGWME,AGWSA,AGWSE,AGWSJ,AGWSL,AGWTU","TDWG Level 4 code","native"
171,"ECUOO","TDWG Level 4 code","native"
172,"ECUOO","TDWG Level 4 code","native"
172,"84","TDWG Level 4 code","native"
172,"FRGOO","TDWG Level 4 code","native"
172,"VENOO","TDWG Level 4 code","native"
172,"SUROO","TDWG Level 4 code","native"
173,"84","TDWG Level 4 code","native"
174,"84","TDWG Level 4 code","native"
175,"PEROO","TDWG Level 4 code","native"
175,"CLMOO","TDWG Level 4 code","native"
175,"ECUOO","TDWG Level 4 code","native"
175,"TRTOO","TDWG Level 4 code","native"
175,"BOLOO","TDWG Level 4 code","native"
175,"PAROO","TDWG Level 4 code","native"
175,"PANOO","TDWG Level 4 code","native"
175,"84","TDWG Level 4 code","native"
175,"FRGOO","TDWG Level 4 code","native"
175,"VENOO","TDWG Level 4 code","native"
176,"84","TDWG Level 4 code","native"
176,"VENOO","TDWG Level 4 code","native"
177,"ALAOO,ALUOO,ARIOO,ARKOO,ASKOO,CALOO,CNTOO,COLOO,DELOO,FLAOO,GEOOO,IDAOO,ILLOO,INIOO,IOWOO,KANOO,KTYOO,LOUOO,MAIOO,MASOO,MICOO,MINOO,MNTOO,MRYOO,MSIOO,MSOOO,NCAOO,NDAOO,NEBOO,NEVOO,NWHOO,NWJOO,NWMOO,NWYOO,OHIOO,OKLOO,OREOO,PENOO,RHOOO,SCAOO,SDAOO,TENOO,TEXOO,UTAOO,VEROO,VRGOO,WASOO,WDCOO,WISOO,WVAOO,WYOOO,HAWHI","TDWG Level 4 code","native"
178,"84","TDWG Level 4 code","native"
179,"BOLOO","TDWG Level 4 code","native"
180,"BOLOO","TDWG Level 4 code","native"
181,"FRGOO","TDWG Level 4 code","native"
182,"CLMOO","TDWG Level 4 code","native"
182,"VENOO","TDWG Level 4 code","native"
183,"84","TDWG Level 4 code","native"
183,"AGEBA,AGECH,AGECN,AGECO,AGEDF,AGEER,AGEFO,AGELP,AGEMI,AGSCB,AGSNE,AGSRN,AGSSC,AGESF,AGSTF,AGWCA,AGWJU,AGWLR,AGWME,AGWSA,AGWSE,AGWSJ,AGWSL,AGWTU","TDWG Level 4 code","native"
184,"84","TDWG Level 4 code","native"
184,"AGEBA,AGECH,AGECN,AGECO,AGEDF,AGEER,AGEFO,AGELP,AGEMI,AGSCB,AGSNE,AGSRN,AGSSC,AGESF,AGSTF,AGWCA,AGWJU,AGWLR,AGWME,AGWSA,AGWSE,AGWSJ,AGWSL,AGWTU","TDWG Level 4 code","native"
184,"PAROO","TDWG Level 4 code","native"
185,"PEROO","TDWG Level 4 code","native"
186,"PEROO","TDWG Level 4 code","native"
186,"CLMOO","TDWG Level 4 code","native"
186,"COSOO","TDWG Level 4 code","native"
186,"PANOO","TDWG Level 4 code","native"
186,"VENOO","TDWG Level 4 code","native"
186,"BOLOO","TDWG Level 4 code","native"
187,"VENOO","TDWG Level 4 code","native"
188,"VENOO","TDWG Level 4 code","native"
188,"CLMOO","TDWG Level 4 code","native"
188,"PANOO","TDWG Level 4 code","native"
188,"TRTOO","TDWG Level 4 code","native"
189,"84","TDWG Level 4 code","native"
190,"VENOO","TDWG Level 4 code","native"
191,"PEROO","TDWG Level 4 code","native"
191,"COSOO","TDWG Level 4 code","native"
191,"PANOO","TDWG Level 4 code","native"
191,"84","TDWG Level 4 code","native"
191,"FRGOO","TDWG Level 4 code","native"
191,"VENOO","TDWG Level 4 code","native"
192,"PEROO","TDWG Level 4 code","native"
192,"CLMOO","TDWG Level 4 code","native"
192,"TRTOO","TDWG Level 4 code","native"
192,"84","TDWG Level 4 code","native"
192,"BOLOO","TDWG Level 4 code","native"
192,"VENOO","TDWG Level 4 code","native"
192,"FRGOO","TDWG Level 4 code","native"
192,"SUROO","TDWG Level 4 code","native"
193,"FRGOO","TDWG Level 4 code","native"
194,"GUAOO","TDWG Level 4 code","native"
194,"HONOO","TDWG Level 4 code","native"
194,"COSOO","TDWG Level 4 code","native"
194,"PANOO","TDWG Level 4 code","native"
195,"PEROO","TDWG Level 4 code","native"
195,"CLMOO","TDWG Level 4 code","native"
195,"ECUOO","TDWG Level 4 code","native"
195,"TRTOO","TDWG Level 4 code","native"
195,"BOLOO","TDWG Level 4 code","native"
195,"SUROO","TDWG Level 4 code","native"
195,"84","TDWG Level 4 code","native"
195,"FRGOO","TDWG Level 4 code","native"
195,"VENOO","TDWG Level 4 code","native"
196,"CLMOO","TDWG Level 4 code","native"
196,"VENOO","TDWG Level 4 code","native"
197,"84","TDWG Level 4 code","native"
198,"PEROO","TDWG Level 4 code","native"
198,"PAROO","TDWG Level 4 code","native"
198,"84","TDWG Level 4 code","native"
198,"BOLOO","TDWG Level 4 code","native"
198,"AGEBA,AGECH,AGECN,AGECO,AGEDF,AGEER,AGEFO,AGELP,AGEMI,AGSCB,AGSNE,AGSRN,AGSSC,AGESF,AGSTF,AGWCA,AGWJU,AGWLR,AGWME,AGWSA,AGWSE,AGWSJ,AGWSL,AGWTU","TDWG Level 4 code","native"
199,"PEROO","TDWG Level 4 code","native"
199,"CLMOO","TDWG Level 4 code","native"
199,"COSOO","TDWG Level 4 code","native"
199,"PANOO","TDWG Level 4 code","native"
199,"ECUOO","TDWG Level 4 code","native"
199,"84","TDWG Level 4 code","native"
199,"VENOO","TDWG Level 4 code","native"
200,"84","TDWG Level 4 code","native"
201,"GUAOO","TDWG Level 4 code","native"
201,"HONOO","TDWG Level 4 code","native"
201,"BLZOO","TDWG Level 4 code","native"
201,"79","TDWG Level 4 code","native"
201,"NICOO","TDWG Level 4 code","native"
202,"VENOO","TDWG Level 4 code","native"
203,"84","TDWG Level 4 code","native"
203,"BOLOO","TDWG Level 4 code","native"
203,"CLMOO","TDWG Level 4 code","native"
203,"PEROO","TDWG Level 4 code","native"
204,"84","TDWG Level 4 code","native"
204,"BOLOO","TDWG Level 4 code","native"
204,"CLMOO","TDWG Level 4 code","native"
204,"PEROO","TDWG Level 4 code","native"
205,"84","TDWG Level 4 code","native"
205,"FRGOO","TDWG Level 4 code","native"
206,"GUAOO","TDWG Level 4 code","native"
206,"HONOO","TDWG Level 4 code","native"
206,"CLMOO","TDWG Level 4 code","native"
206,"COSOO","TDWG Level 4 code","native"
206,"PANOO","TDWG Level 4 code","native"
206,"ECUOO","TDWG Level 4 code","native"
206,"NICOO","TDWG Level 4 code","native"
207,"PEROO","TDWG Level 4 code","native"
207,"CLMOO","TDWG Level 4 code","native"
207,"84","TDWG Level 4 code","native"
207,"BOLOO","TDWG Level 4 code","native"
207,"VENOO","TDWG Level 4 code","native"
207,"FRGOO","TDWG Level 4 code","native"
207,"SUROO","TDWG Level 4 code","native"
208,"84","TDWG Level 4 code","native"
209,"PEROO","TDWG Level 4 code","native"
209,"PAROO","TDWG Level 4 code","native"
209,"84","TDWG Level 4 code","native"
209,"FRGOO","TDWG Level 4 code","native"
209,"AGEBA,AGECH,AGECN,AGECO,AGEDF,AGEER,AGEFO,AGELP,AGEMI,AGSCB,AGSNE,AGSRN,AGSSC,AGESF,AGSTF,AGWCA,AGWJU,AGWLR,AGWME,AGWSA,AGWSE,AGWSJ,AGWSL,AGWTU","TDWG Level 4 code","native"
209,"SUROO","TDWG Level 4 code","native"
210,"HONOO","TDWG Level 4 code","native"
210,"BLZOO","TDWG Level 4 code","native"
210,"79","TDWG Level 4 code","native"
210,"CLMOO","TDWG Level 4 code","native"
210,"COSOO","TDWG Level 4 code","native"
210,"PANOO","TDWG Level 4 code","native"
210,"NICOO","TDWG Level 4 code","native"
210,"GUAOO","TDWG Level 4 code","native"
211,"84","TDWG Level 4 code","native"
211,"FRGOO","TDWG Level 4 code","native"
211,"PEROO","TDWG Level 4 code","native"
211,"SUROO","TDWG Level 4 code","native"
212,"PEROO","TDWG Level 4 code","native"
212,"CLMOO","TDWG Level 4 code","native"
212,"ECUOO","TDWG Level 4 code","native"
212,"84","TDWG Level 4 code","native"
212,"BOLOO","TDWG Level 4 code","native"
212,"VENOO","TDWG Level 4 code","native"
213,"84","TDWG Level 4 code","native"
213,"AGEBA,AGECH,AGECN,AGECO,AGEDF,AGEER,AGEFO,AGELP,AGEMI,AGSCB,AGSNE,AGSRN,AGSSC,AGESF,AGSTF,AGWCA,AGWJU,AGWLR,AGWME,AGWSA,AGWSE,AGWSJ,AGWSL,AGWTU","TDWG Level 4 code","native"
214,"84","TDWG Level 4 code","native"
215,"84","TDWG Level 4 code","native"
216,"84","TDWG Level 4 code","native"
217,"84","TDWG Level 4 code","native"
218,"84","TDWG Level 4 code","native"
219,"84","TDWG Level 4 code","native"
220,"84","TDWG Level 4 code","native"
221,"PEROO","TDWG Level 4 code","native"
222,"84","TDWG Level 4 code","native"
223,"84","TDWG Level 4 code","native"
223,"BOLOO","TDWG Level 4 code","native"
224,"79","TDWG Level 4 code","native"
225,"84","TDWG Level 4 code","native"
225,"FRGOO","TDWG Level 4 code","native"
226,"PEROO","TDWG Level 4 code","native"
227,"84","TDWG Level 4 code","native"
227,"AGEBA,AGECH,AGECN,AGECO,AGEDF,AGEER,AGEFO,AGELP,AGEMI,AGSCB,AGSNE,AGSRN,AGSSC,AGESF,AGSTF,AGWCA,AGWJU,AGWLR,AGWME,AGWSA,AGWSE,AGWSJ,AGWSL,AGWTU","TDWG Level 4 code","native"
227,"BOLOO","TDWG Level 4 code","native"
228,"84","TDWG Level 4 code","native"
229,"PEROO","TDWG Level 4 code","native"
229,"CLMOO","TDWG Level 4 code","native"
229,"PANOO","TDWG Level 4 code","native"
229,"84","TDWG Level 4 code","native"
229,"VENOO","TDWG Level 4 code","native"
229,"FRGOO","TDWG Level 4 code","native"
229,"SUROO","TDWG Level 4 code","native"
230,"VENOO","TDWG Level 4 code","native"
231,"PEROO","TDWG Level 4 code","native"
231,"HONOO","TDWG Level 4 code","native"
231,"BLZOO","TDWG Level 4 code","native"
231,"CLMOO","TDWG Level 4 code","native"
231,"ECUOO","TDWG Level 4 code","native"
231,"TRTOO","TDWG Level 4 code","native"
231,"BOLOO","TDWG Level 4 code","native"
231,"SUROO","TDWG Level 4 code","native"
231,"GUAOO","TDWG Level 4 code","native"
231,"79","TDWG Level 4 code","native"
231,"COSOO","TDWG Level 4 code","native"
231,"PANOO","TDWG Level 4 code","native"
231,"NICOO","TDWG Level 4 code","native"
231,"84","TDWG Level 4 code","native"
231,"FRGOO","TDWG Level 4 code","native"
231,"VENOO","TDWG Level 4 code","native"
232,"84","TDWG Level 4 code","native"
234,"84","TDWG Level 4 code","native"
234,"FRGOO","TDWG Level 4 code","native"
234,"SUROO","TDWG Level 4 code","native"
235,"84","TDWG Level 4 code","native"
236,"CLMOO","TDWG Level 4 code","native"
236,"COSOO","TDWG Level 4 code","native"
236,"PANOO","TDWG Level 4 code","native"
236,"TRTOO","TDWG Level 4 code","native"
236,"84","TDWG Level 4 code","native"
236,"VENOO","TDWG Level 4 code","native"
236,"FRGOO","TDWG Level 4 code","native"
237,"84","TDWG Level 4 code","native"
237,"CLMOO","TDWG Level 4 code","native"
237,"FRGOO","TDWG Level 4 code","native"
238,"84","TDWG Level 4 code","native"
238,"BOLOO","TDWG Level 4 code","native"
238,"PEROO","TDWG Level 4 code","native"
238,"VENOO","TDWG Level 4 code","native"
239,"VENOO","TDWG Level 4 code","native"
240,"84","TDWG Level 4 code","native"
240,"AGEBA,AGECH,AGECN,AGECO,AGEDF,AGEER,AGEFO,AGELP,AGEMI,AGSCB,AGSNE,AGSRN,AGSSC,AGESF,AGSTF,AGWCA,AGWJU,AGWLR,AGWME,AGWSA,AGWSE,AGWSJ,AGWSL,AGWTU","TDWG Level 4 code","native"
241,"84","TDWG Level 4 code","native"
241,"BOLOO","TDWG Level 4 code","native"
241,"PEROO","TDWG Level 4 code","native"
241,"VENOO","TDWG Level 4 code","native"
242,"CLMOO","TDWG Level 4 code","native"
242,"COSOO","TDWG Level 4 code","native"
242,"ECUOO","TDWG Level 4 code","native"
242,"PANOO","TDWG Level 4 code","native"
243,"PEROO","TDWG Level 4 code","native"
243,"CLMOO","TDWG Level 4 code","native"
243,"ECUOO","TDWG Level 4 code","native"
243,"FRGOO","TDWG Level 4 code","native"
243,"BOLOO","TDWG Level 4 code","native"
243,"SUROO","TDWG Level 4 code","native"
244,"CLMOO","TDWG Level 4 code","native"
244,"COSOO","TDWG Level 4 code","native"
244,"PANOO","TDWG Level 4 code","native"
244,"ECUOO","TDWG Level 4 code","native"
244,"VENOO","TDWG Level 4 code","native"
245,"84","TDWG Level 4 code","native"
245,"FRGOO","TDWG Level 4 code","native"
246,"PEROO","TDWG Level 4 code","native"
246,"ECUOO","TDWG Level 4 code","native"
246,"84","TDWG Level 4 code","native"
246,"FRGOO","TDWG Level 4 code","native"
246,"VENOO","TDWG Level 4 code","native"
247,"PEROO","TDWG Level 4 code","native"
248,"PEROO","TDWG Level 4 code","native"
248,"CLMOO","TDWG Level 4 code","native"
248,"ECUOO","TDWG Level 4 code","native"
248,"BOLOO","TDWG Level 4 code","native"
248,"SUROO","TDWG Level 4 code","native"
248,"PANOO","TDWG Level 4 code","native"
248,"84","TDWG Level 4 code","native"
248,"FRGOO","TDWG Level 4 code","native"
248,"VENOO","TDWG Level 4 code","native"
249,"PEROO","TDWG Level 4 code","native"
249,"84","TDWG Level 4 code","native"
249,"FRGOO","TDWG Level 4 code","native"
249,"VENOO","TDWG Level 4 code","native"
249,"BOLOO","TDWG Level 4 code","native"
250,"HONOO","TDWG Level 4 code","native"
250,"79","TDWG Level 4 code","native"
250,"BLZOO","TDWG Level 4 code","native"
250,"COSOO","TDWG Level 4 code","native"
250,"PANOO","TDWG Level 4 code","native"
251,"84","TDWG Level 4 code","native"
251,"CLMOO","TDWG Level 4 code","native"
251,"PEROO","TDWG Level 4 code","native"
251,"VENOO","TDWG Level 4 code","native"
252,"BLZOO","TDWG Level 4 code","native"
252,"CLMOO","TDWG Level 4 code","native"
252,"ECUOO","TDWG Level 4 code","native"
252,"79","TDWG Level 4 code","native"
252,"COSOO","TDWG Level 4 code","native"
252,"PANOO","TDWG Level 4 code","native"
252,"84","TDWG Level 4 code","native"
252,"NICOO","TDWG Level 4 code","native"
252,"VENOO","TDWG Level 4 code","native"
253,"PEROO","TDWG Level 4 code","native"
253,"CLMOO","TDWG Level 4 code","native"
253,"ECUOO","TDWG Level 4 code","native"
253,"84","TDWG Level 4 code","native"
253,"BOLOO","TDWG Level 4 code","native"
253,"VENOO","TDWG Level 4 code","native"
253,"FRGOO","TDWG Level 4 code","native"
253,"SUROO","TDWG Level 4 code","native"
254,"GUAOO","TDWG Level 4 code","native"
255,"PEROO","TDWG Level 4 code","native"
255,"PAROO","TDWG Level 4 code","native"
255,"CLMOO","TDWG Level 4 code","native"
255,"84","TDWG Level 4 code","native"
255,"BOLOO","TDWG Level 4 code","native"
255,"VENOO","TDWG Level 4 code","native"
255,"FRGOO","TDWG Level 4 code","native"
255,"SUROO","TDWG Level 4 code","native"
256,"84","TDWG Level 4 code","native"
257,"PEROO","TDWG Level 4 code","native"
257,"CLMOO","TDWG Level 4 code","native"
257,"PANOO","TDWG Level 4 code","native"
257,"84","TDWG Level 4 code","native"
257,"BOLOO","TDWG Level 4 code","native"
257,"VENOO","TDWG Level 4 code","native"
257,"FRGOO","TDWG Level 4 code","native"
257,"SUROO","TDWG Level 4 code","native"
258,"PEROO","TDWG Level 4 code","native"
258,"CLMOO","TDWG Level 4 code","native"
258,"84","TDWG Level 4 code","native"
258,"FRGOO","TDWG Level 4 code","native"
258,"SUROO","TDWG Level 4 code","native"
259,"PEROO","TDWG Level 4 code","native"
259,"HONOO","TDWG Level 4 code","native"
259,"BLZOO","TDWG Level 4 code","native"
259,"TRTOO","TDWG Level 4 code","native"
259,"AGEBA,AGECH,AGECN,AGECO,AGEDF,AGEER,AGEFO,AGELP,AGEMI,AGSCB,AGSNE,AGSRN,AGSSC,AGESF,AGSTF,AGWCA,AGWJU,AGWLR,AGWME,AGWSA,AGWSE,AGWSJ,AGWSL,AGWTU","TDWG Level 4 code","native"
259,"SUROO","TDWG Level 4 code","native"
259,"GUAOO","TDWG Level 4 code","native"
259,"PAROO","TDWG Level 4 code","native"
259,"79","TDWG Level 4 code","native"
259,"PANOO","TDWG Level 4 code","native"
259,"NICOO","TDWG Level 4 code","native"
259,"CLMOO","TDWG Level 4 code","native"
259,"ECUOO","TDWG Level 4 code","native"
259,"BOLOO","TDWG Level 4 code","native"
259,"ALAOO,ALUOO,ARIOO,ARKOO,ASKOO,CALOO,CNTOO,COLOO,DELOO,FLAOO,GEOOO,IDAOO,ILLOO,INIOO,IOWOO,KANOO,KTYOO,LOUOO,MAIOO,MASOO,MICOO,MINOO,MNTOO,MRYOO,MSIOO,MSOOO,NCAOO,NDAOO,NEBOO,NEVOO,NWHOO,NWJOO,NWMOO,NWYOO,OHIOO,OKLOO,OREOO,PENOO,RHOOO,SCAOO,SDAOO,TENOO,TEXOO,UTAOO,VEROO,VRGOO,WASOO,WDCOO,WISOO,WVAOO,WYOOO,HAWHI","TDWG Level 4 code","native"
259,"COSOO","TDWG Level 4 code","native"
259,"84","TDWG Level 4 code","native"
259,"FRGOO","TDWG Level 4 code","native"
259,"VENOO","TDWG Level 4 code","native"
260,"COSOO","TDWG Level 4 code","native"
260,"PANOO","TDWG Level 4 code","native"
261,"84","TDWG Level 4 code","native"
262,"ALAOO,ALUOO,ARIOO,ARKOO,ASKOO,CALOO,CNTOO,COLOO,DELOO,FLAOO,GEOOO,IDAOO,ILLOO,INIOO,IOWOO,KANOO,KTYOO,LOUOO,MAIOO,MASOO,MICOO,MINOO,MNTOO,MRYOO,MSIOO,MSOOO,NCAOO,NDAOO,NEBOO,NEVOO,NWHOO,NWJOO,NWMOO,NWYOO,OHIOO,OKLOO,OREOO,PENOO,RHOOO,SCAOO,SDAOO,TENOO,TEXOO,UTAOO,VEROO,VRGOO,WASOO,WDCOO,WISOO,WVAOO,WYOOO,HAWHI","TDWG Level 4 code","native"
263,"HONOO","TDWG Level 4 code","native"
263,"BLZOO","TDWG Level 4 code","native"
263,"CLMOO","TDWG Level 4 code","native"
263,"ECUOO","TDWG Level 4 code","native"
263,"BOLOO","TDWG Level 4 code","native"
263,"ELSOO","TDWG Level 4 code","native"
263,"GUAOO","TDWG Level 4 code","native"
263,"79","TDWG Level 4 code","native"
263,"COSOO","TDWG Level 4 code","native"
263,"PANOO","TDWG Level 4 code","native"
264,"COSOO","TDWG Level 4 code","native"
264,"PANOO","TDWG Level 4 code","native"
265,"PEROO","TDWG Level 4 code","native"
265,"CLMOO","TDWG Level 4 code","native"
265,"ECUOO","TDWG Level 4 code","native"
265,"84","TDWG Level 4 code","native"
265,"BOLOO","TDWG Level 4 code","native"
265,"VENOO","TDWG Level 4 code","native"
265,"FRGOO","TDWG Level 4 code","native"
265,"SUROO","TDWG Level 4 code","native"
266,"84","TDWG Level 4 code","native"
267,"PEROO","TDWG Level 4 code","native"
267,"CLMOO","TDWG Level 4 code","native"
267,"ECUOO","TDWG Level 4 code","native"
267,"TRTOO","TDWG Level 4 code","native"
267,"BOLOO","TDWG Level 4 code","native"
267,"PANOO","TDWG Level 4 code","native"
267,"84","TDWG Level 4 code","native"
267,"FRGOO","TDWG Level 4 code","native"
267,"VENOO","TDWG Level 4 code","native"
268,"84","TDWG Level 4 code","native"
268,"CLMOO","TDWG Level 4 code","native"
268,"VENOO","TDWG Level 4 code","native"
269,"HONOO","TDWG Level 4 code","native"
269,"BLZOO","TDWG Level 4 code","native"
269,"CLMOO","TDWG Level 4 code","native"
269,"ECUOO","TDWG Level 4 code","native"
269,"SUROO","TDWG Level 4 code","native"
269,"GUAOO","TDWG Level 4 code","native"
269,"COSOO","TDWG Level 4 code","native"
269,"PANOO","TDWG Level 4 code","native"
269,"84","TDWG Level 4 code","native"
269,"NICOO","TDWG Level 4 code","native"
269,"FRGOO","TDWG Level 4 code","native"
270,"PEROO","TDWG Level 4 code","native"
270,"CLMOO","TDWG Level 4 code","native"
270,"ECUOO","TDWG Level 4 code","native"
270,"84","TDWG Level 4 code","native"
270,"VENOO","TDWG Level 4 code","native"
270,"BOLOO","TDWG Level 4 code","native"
271,"HONOO","TDWG Level 4 code","native"
271,"COSOO","TDWG Level 4 code","native"
271,"PANOO","TDWG Level 4 code","native"
271,"CLMOO","TDWG Level 4 code","native"
271,"ECUOO","TDWG Level 4 code","native"
272,"PEROO","TDWG Level 4 code","native"
272,"CLMOO","TDWG Level 4 code","native"
272,"84","TDWG Level 4 code","native"
272,"VENOO","TDWG Level 4 code","native"
272,"BOLOO","TDWG Level 4 code","native"
273,"PEROO","TDWG Level 4 code","native"
273,"CLMOO","TDWG Level 4 code","native"
273,"84","TDWG Level 4 code","native"
273,"BOLOO","TDWG Level 4 code","native"
273,"VENOO","TDWG Level 4 code","native"
273,"FRGOO","TDWG Level 4 code","native"
273,"SUROO","TDWG Level 4 code","native"
274,"84","TDWG Level 4 code","native"
275,"COSOO","TDWG Level 4 code","native"
275,"PANOO","TDWG Level 4 code","native"
275,"84","TDWG Level 4 code","native"
275,"FRGOO","TDWG Level 4 code","native"
275,"SUROO","TDWG Level 4 code","native"
276,"PEROO","TDWG Level 4 code","native"
276,"CLMOO","TDWG Level 4 code","native"
276,"ECUOO","TDWG Level 4 code","native"
276,"84","TDWG Level 4 code","native"
276,"BOLOO","TDWG Level 4 code","native"
276,"VENOO","TDWG Level 4 code","native"
276,"FRGOO","TDWG Level 4 code","native"
276,"SUROO","TDWG Level 4 code","native"
277,"FRGOO","TDWG Level 4 code","native"
278,"84","TDWG Level 4 code","native"
279,"CLMOO","TDWG Level 4 code","native"
280,"PEROO","TDWG Level 4 code","native"
280,"BLZOO","TDWG Level 4 code","native"
280,"CLMOO","TDWG Level 4 code","native"
280,"ECUOO","TDWG Level 4 code","native"
280,"BOLOO","TDWG Level 4 code","native"
280,"GUAOO","TDWG Level 4 code","native"
280,"COSOO","TDWG Level 4 code","native"
280,"PANOO","TDWG Level 4 code","native"
280,"84","TDWG Level 4 code","native"
280,"FRGOO","TDWG Level 4 code","native"
280,"VENOO","TDWG Level 4 code","native"
281,"FRGOO","TDWG Level 4 code","native"
282,"PEROO","TDWG Level 4 code","native"
282,"CLMOO","TDWG Level 4 code","native"
282,"ECUOO","TDWG Level 4 code","native"
282,"84","TDWG Level 4 code","native"
282,"BOLOO","TDWG Level 4 code","native"
282,"FRGOO","TDWG Level 4 code","native"
282,"SUROO","TDWG Level 4 code","native"
283,"NICOO","TDWG Level 4 code","native"
283,"PANOO","TDWG Level 4 code","native"
284,"VENOO","TDWG Level 4 code","native"
285,"84","TDWG Level 4 code","native"
285,"BOLOO","TDWG Level 4 code","native"
285,"PEROO","TDWG Level 4 code","native"
286,"84","TDWG Level 4 code","native"
287,"84","TDWG Level 4 code","native"
287,"BOLOO","TDWG Level 4 code","native"
287,"PEROO","TDWG Level 4 code","native"
288,"84","TDWG Level 4 code","native"
289,"84","TDWG Level 4 code","native"
290,"PEROO","TDWG Level 4 code","native"
290,"PANOO","TDWG Level 4 code","native"
290,"CLMOO","TDWG Level 4 code","native"
290,"ECUOO","TDWG Level 4 code","native"
290,"FRGOO","TDWG Level 4 code","native"
290,"BOLOO","TDWG Level 4 code","native"
291,"PEROO","TDWG Level 4 code","native"
291,"HONOO","TDWG Level 4 code","native"
291,"BLZOO","TDWG Level 4 code","native"
291,"CLMOO","TDWG Level 4 code","native"
291,"ECUOO","TDWG Level 4 code","native"
291,"GUAOO","TDWG Level 4 code","native"
291,"79","TDWG Level 4 code","native"
291,"COSOO","TDWG Level 4 code","native"
291,"PANOO","TDWG Level 4 code","native"
291,"NICOO","TDWG Level 4 code","native"
291,"84","TDWG Level 4 code","native"
291,"VENOO","TDWG Level 4 code","native"
291,"FRGOO","TDWG Level 4 code","native"
292,"PEROO","TDWG Level 4 code","native"
292,"CLMOO","TDWG Level 4 code","native"
292,"ECUOO","TDWG Level 4 code","native"
292,"84","TDWG Level 4 code","native"
292,"VENOO","TDWG Level 4 code","native"
292,"FRGOO","TDWG Level 4 code","native"
292,"SUROO","TDWG Level 4 code","native"
293,"VENOO","TDWG Level 4 code","native"
294,"CLMOO","TDWG Level 4 code","native"
294,"PANOO","TDWG Level 4 code","native"
295,"84","TDWG Level 4 code","native"
295,"FRGOO","TDWG Level 4 code","native"
295,"SUROO","TDWG Level 4 code","native"
296,"84","TDWG Level 4 code","native"
296,"PEROO","TDWG Level 4 code","native"
296,"VENOO","TDWG Level 4 code","native"
297,"84","TDWG Level 4 code","native"
298,"84","TDWG Level 4 code","native"
298,"BOLOO","TDWG Level 4 code","native"
298,"PEROO","TDWG Level 4 code","native"
299,"84","TDWG Level 4 code","native"
300,"84","TDWG Level 4 code","native"
301,"PEROO","TDWG Level 4 code","native"
301,"CLMOO","TDWG Level 4 code","native"
301,"COSOO","TDWG Level 4 code","native"
301,"PANOO","TDWG Level 4 code","native"
301,"ECUOO","TDWG Level 4 code","native"
301,"BOLOO","TDWG Level 4 code","native"
301,"VENOO","TDWG Level 4 code","native"
301,"FRGOO","TDWG Level 4 code","native"
302,"84","TDWG Level 4 code","native"
303,"84","TDWG Level 4 code","native"
303,"FRGOO","TDWG Level 4 code","native"
304,"84","TDWG Level 4 code","native"
305,"84","TDWG Level 4 code","native"
306,"84","TDWG Level 4 code","native"
307,"BOLOO","TDWG Level 4 code","native"
307,"CLMOO","TDWG Level 4 code","native"
307,"PEROO","TDWG Level 4 code","native"
308,"84","TDWG Level 4 code","native"
308,"BOLOO","TDWG Level 4 code","native"
308,"PEROO","TDWG Level 4 code","native"
309,"PEROO","TDWG Level 4 code","native"
309,"CLMOO","TDWG Level 4 code","native"
309,"ECUOO","TDWG Level 4 code","native"
309,"TRTOO","TDWG Level 4 code","native"
309,"AGEBA,AGECH,AGECN,AGECO,AGEDF,AGEER,AGEFO,AGELP,AGEMI,AGSCB,AGSNE,AGSRN,AGSSC,AGESF,AGSTF,AGWCA,AGWJU,AGWLR,AGWME,AGWSA,AGWSE,AGWSJ,AGWSL,AGWTU","TDWG Level 4 code","native"
309,"BOLOO","TDWG Level 4 code","native"
309,"COSOO","TDWG Level 4 code","native"
309,"PANOO","TDWG Level 4 code","native"
309,"84","TDWG Level 4 code","native"
309,"FRGOO","TDWG Level 4 code","native"
309,"VENOO","TDWG Level 4 code","native"
310,"PEROO","TDWG Level 4 code","native"
311,"PEROO","TDWG Level 4 code","native"
311,"CLMOO","TDWG Level 4 code","native"
311,"84","TDWG Level 4 code","native"
311,"VENOO","TDWG Level 4 code","native"
311,"BOLOO","TDWG Level 4 code","native"
311,"SUROO","TDWG Level 4 code","native"
312,"BOLOO","TDWG Level 4 code","native"
313,"VENOO","TDWG Level 4 code","native"
314,"84","TDWG Level 4 code","native"
314,"FRGOO","TDWG Level 4 code","native"
315,"84","TDWG Level 4 code","native"
316,"CLMOO","TDWG Level 4 code","native"
316,"ECUOO","TDWG Level 4 code","native"
317,"84","TDWG Level 4 code","native"
318,"84","TDWG Level 4 code","native"
318,"VENOO","TDWG Level 4 code","native"
319,"84","TDWG Level 4 code","native"
319,"FRGOO","TDWG Level 4 code","native"
320,"CLMOO","TDWG Level 4 code","native"
321,"PEROO","TDWG Level 4 code","native"
322,"FRGOO","TDWG Level 4 code","native"
322,"SUROO","TDWG Level 4 code","native"
323,"84","TDWG Level 4 code","native"
324,"84","TDWG Level 4 code","native"
324,"PEROO","TDWG Level 4 code","native"
325,"84","TDWG Level 4 code","native"
326,"84","TDWG Level 4 code","native"
327,"ECUOO","TDWG Level 4 code","native"
328,"84","TDWG Level 4 code","native"
328,"PEROO","TDWG Level 4 code","native"
329,"PEROO","TDWG Level 4 code","native"
330,"84","TDWG Level 4 code","native"
331,"CLMOO","TDWG Level 4 code","native"
331,"COSOO","TDWG Level 4 code","native"
331,"ECUOO","TDWG Level 4 code","native"
331,"PANOO","TDWG Level 4 code","native"
332,"84","TDWG Level 4 code","native"
333,"84","TDWG Level 4 code","native"
334,"CLMOO","TDWG Level 4 code","native"
335,"PEROO","TDWG Level 4 code","native"
335,"CLMOO","TDWG Level 4 code","native"
335,"ECUOO","TDWG Level 4 code","native"
335,"84","TDWG Level 4 code","native"
335,"VENOO","TDWG Level 4 code","native"
335,"FRGOO","TDWG Level 4 code","native"
335,"SUROO","TDWG Level 4 code","native"
336,"84","TDWG Level 4 code","native"
337,"ECUOO","TDWG Level 4 code","native"
338,"CLMOO","TDWG Level 4 code","native"
338,"VENOO","TDWG Level 4 code","native"
339,"84","TDWG Level 4 code","native"
339,"BOLOO","TDWG Level 4 code","native"
340,"PEROO","TDWG Level 4 code","native"
341,"CLMOO","TDWG Level 4 code","native"
342,"BOLOO","TDWG Level 4 code","native"
343,"PAROO","TDWG Level 4 code","native"
343,"CLMOO","TDWG Level 4 code","native"
343,"84","TDWG Level 4 code","native"
343,"FRGOO","TDWG Level 4 code","native"
343,"VENOO","TDWG Level 4 code","native"
344,"CLMOO","TDWG Level 4 code","native"
345,"VENOO","TDWG Level 4 code","native"
346,"84","TDWG Level 4 code","native"
347,"84","TDWG Level 4 code","native"
347,"BOLOO","TDWG Level 4 code","native"
348,"84","TDWG Level 4 code","native"
348,"FRGOO","TDWG Level 4 code","native"
348,"SUROO","TDWG Level 4 code","native"
349,"GUAOO","TDWG Level 4 code","native"
349,"BLZOO","TDWG Level 4 code","native"
349,"COSOO","TDWG Level 4 code","native"
349,"PANOO","TDWG Level 4 code","native"
349,"CLMOO","TDWG Level 4 code","native"
349,"ECUOO","TDWG Level 4 code","native"
350,"84","TDWG Level 4 code","native"
350,"BOLOO","TDWG Level 4 code","native"
350,"CLMOO","TDWG Level 4 code","native"
350,"VENOO","TDWG Level 4 code","native"
351,"CLMOO","TDWG Level 4 code","native"
352,"VENOO","TDWG Level 4 code","native"
353,"CLMOO","TDWG Level 4 code","native"
354,"VENOO","TDWG Level 4 code","native"
355,"DOMOO","TDWG Level 4 code","native"
355,"HAIHA","TDWG Level 4 code","native"
356,"CLMOO","TDWG Level 4 code","native"
357,"CUBOO","TDWG Level 4 code","native"
358,"CLMOO","TDWG Level 4 code","native"
359,"HONOO","TDWG Level 4 code","native"
359,"PEROO","TDWG Level 4 code","native"
359,"CLMOO","TDWG Level 4 code","native"
359,"COSOO","TDWG Level 4 code","native"
359,"NICOO","TDWG Level 4 code","native"
359,"VENOO","TDWG Level 4 code","native"
359,"ELSOO","TDWG Level 4 code","native"
359,"GUAOO","TDWG Level 4 code","native"
360,"CLMOO","TDWG Level 4 code","native"
361,"CLMOO","TDWG Level 4 code","native"
362,"PEROO","TDWG Level 4 code","native"
362,"CLMOO","TDWG Level 4 code","native"
362,"ECUOO","TDWG Level 4 code","native"
362,"84","TDWG Level 4 code","native"
362,"BOLOO","TDWG Level 4 code","native"
363,"CUBOO","TDWG Level 4 code","native"
364,"GUAOO","TDWG Level 4 code","native"
364,"HONOO","TDWG Level 4 code","native"
364,"PEROO","TDWG Level 4 code","native"
364,"CLMOO","TDWG Level 4 code","native"
364,"PANOO","TDWG Level 4 code","native"
364,"BOLOO","TDWG Level 4 code","native"
364,"VENOO","TDWG Level 4 code","native"
365,"HONOO","TDWG Level 4 code","native"
365,"COSOO","TDWG Level 4 code","native"
365,"PANOO","TDWG Level 4 code","native"
365,"NICOO","TDWG Level 4 code","native"
365,"84","TDWG Level 4 code","native"
365,"VENOO","TDWG Level 4 code","native"
365,"FRGOO","TDWG Level 4 code","native"
365,"GUAOO","TDWG Level 4 code","native"
366,"COSOO","TDWG Level 4 code","native"
366,"PANOO","TDWG Level 4 code","native"
367,"CAY","TDWG Level 4 code","native"
367,"CUBOO","TDWG Level 4 code","native"
368,"VENOO","TDWG Level 4 code","native"
369,"HONOO","TDWG Level 4 code","native"
369,"BLZOO","TDWG Level 4 code","native"
369,"CLMOO","TDWG Level 4 code","native"
369,"TRTOO","TDWG Level 4 code","native"
369,"GUAOO","TDWG Level 4 code","native"
369,"79","TDWG Level 4 code","native"
369,"COSOO","TDWG Level 4 code","native"
369,"PANOO","TDWG Level 4 code","native"
369,"NICOO","TDWG Level 4 code","native"
369,"VENOO","TDWG Level 4 code","native"
370,"CLMOO","TDWG Level 4 code","native"
371,"CLMOO","TDWG Level 4 code","native"
372,"PEROO","TDWG Level 4 code","native"
372,"HONOO","TDWG Level 4 code","native"
372,"CLMOO","TDWG Level 4 code","native"
372,"ECUOO","TDWG Level 4 code","native"
372,"BOLOO","TDWG Level 4 code","native"
372,"GUAOO","TDWG Level 4 code","native"
372,"79","TDWG Level 4 code","native"
372,"COSOO","TDWG Level 4 code","native"
372,"PANOO","TDWG Level 4 code","native"
372,"84","TDWG Level 4 code","native"
372,"NICOO","TDWG Level 4 code","native"
372,"FRGOO","TDWG Level 4 code","native"
372,"VENOO","TDWG Level 4 code","native"
373,"CLMOO","TDWG Level 4 code","native"
373,"VENOO","TDWG Level 4 code","native"
374,"VENOO","TDWG Level 4 code","native"
375,"PEROO","TDWG Level 4 code","native"
376,"CLMOO","TDWG Level 4 code","native"
376,"COSOO","TDWG Level 4 code","native"
376,"VENOO","TDWG Level 4 code","native"
377,"PEROO","TDWG Level 4 code","native"
377,"HONOO","TDWG Level 4 code","native"
377,"COSOO","TDWG Level 4 code","native"
377,"PANOO","TDWG Level 4 code","native"
377,"CLMOO","TDWG Level 4 code","native"
378,"84","TDWG Level 4 code","native"
378,"FRGOO","TDWG Level 4 code","native"
379,"PEROO","TDWG Level 4 code","native"
379,"CLMOO","TDWG Level 4 code","native"
379,"COSOO","TDWG Level 4 code","native"
379,"84","TDWG Level 4 code","native"
379,"BOLOO","TDWG Level 4 code","native"
379,"VENOO","TDWG Level 4 code","native"
379,"FRGOO","TDWG Level 4 code","native"
380,"PANOO","TDWG Level 4 code","native"
380,"CLMOO","TDWG Level 4 code","native"
380,"84","TDWG Level 4 code","native"
380,"FRGOO","TDWG Level 4 code","native"
380,"VENOO","TDWG Level 4 code","native"
380,"SUROO","TDWG Level 4 code","native"
381,"COSOO","TDWG Level 4 code","native"
381,"PANOO","TDWG Level 4 code","native"
382,"FRGOO","TDWG Level 4 code","native"
383,"CLMOO","TDWG Level 4 code","native"
383,"PANOO","TDWG Level 4 code","native"
384,"ECUOO","TDWG Level 4 code","native"
384,"PEROO","TDWG Level 4 code","native"
385,"BOLOO","TDWG Level 4 code","native"
385,"CLMOO","TDWG Level 4 code","native"
385,"COSOO","TDWG Level 4 code","native"
385,"PANOO","TDWG Level 4 code","native"
386,"BOLOO","TDWG Level 4 code","native"
387,"NICOO","TDWG Level 4 code","native"
388,"PEROO","TDWG Level 4 code","native"
389,"84","TDWG Level 4 code","native"
390,"ECUOO","TDWG Level 4 code","native"
390,"PEROO","TDWG Level 4 code","native"
391,"PEROO","TDWG Level 4 code","native"
392,"BOLOO","TDWG Level 4 code","native"
393,"BOLOO","TDWG Level 4 code","native"
394,"BOLOO","TDWG Level 4 code","native"
395,"PEROO","TDWG Level 4 code","native"
396,"ECUOO","TDWG Level 4 code","native"
396,"PEROO","TDWG Level 4 code","native"
397,"ECUOO","TDWG Level 4 code","native"
397,"PEROO","TDWG Level 4 code","native"
398,"PEROO","TDWG Level 4 code","native"
399,"BOLOO","TDWG Level 4 code","native"
400,"BOLOO","TDWG Level 4 code","native"
401,"PEROO","TDWG Level 4 code","native"
402,"84","TDWG Level 4 code","native"
403,"84","TDWG Level 4 code","native"
404,"VENOO","TDWG Level 4 code","native"
405,"PEROO","TDWG Level 4 code","native"
406,"PEROO","TDWG Level 4 code","native"
407,"84","TDWG Level 4 code","native"
408,"79","TDWG Level 4 code","native"
409,"PEROO","TDWG Level 4 code","native"
410,"PEROO","TDWG Level 4 code","native"
411,"PEROO","TDWG Level 4 code","native"
412,"84","TDWG Level 4 code","native"
413,"84","TDWG Level 4 code","native"
414,"CLMOO","TDWG Level 4 code","native"
415,"CLMOO","TDWG Level 4 code","native"
415,"PANOO","TDWG Level 4 code","native"
415,"84","TDWG Level 4 code","native"
415,"TRTOO","TDWG Level 4 code","native"
415,"VENOO","TDWG Level 4 code","native"
416,"84","TDWG Level 4 code","native"
416,"CLMOO","TDWG Level 4 code","native"
416,"ECUOO","TDWG Level 4 code","native"
417,"BOLOO","TDWG Level 4 code","native"
418,"PEROO","TDWG Level 4 code","native"
418,"VENOO","TDWG Level 4 code","native"
419,"BOLOO","TDWG Level 4 code","native"
