"AcceptedTaxonID","DistributionElement","StandardInUse","DistributionStatus"
72,"84","TDWG Level 4 code","native"
73,"ALGOO","TDWG Level 4 code","native"
73,"CYPOO","TDWG Level 4 code","native"
73,"GRCOO","TDWG Level 4 code","native"
73,"ITAIT","TDWG Level 4 code","native"
73,"SICMA","TDWG Level 4 code","native"
73,"PALIS","TDWG Level 4 code","native"
73,"CNYOO","TDWG Level 4 code","native"
73,"FRAFR","TDWG Level 4 code","native"
73,"EGYOO","TDWG Level 4 code","native"
73,"MORMO","TDWG Level 4 code","native"
73,"TUNOO","TDWG Level 4 code","native"
73,"LBYOO","TDWG Level 4 code","native"
73,"SPASP","TDWG Level 4 code","native"
73,"LBSSY","TDWG Level 4 code","native"
73,"TUROO","TDWG Level 4 code","native"
73,"LBSLB","TDWG Level 4 code","native"
74,"ZAIOO","TDWG Level 4 code","native"
75,"ALGOO","TDWG Level 4 code","native"
75,"CYPOO","TDWG Level 4 code","native"
75,"GRCOO","TDWG Level 4 code","native"
75,"ITAIT","TDWG Level 4 code","native"
75,"SICMA","TDWG Level 4 code","native"
75,"SUDOO","TDWG Level 4 code","native"
75,"PALIS","TDWG Level 4 code","native"
75,"FRAFR","TDWG Level 4 code","native"
75,"EGYOO","TDWG Level 4 code","native"
75,"MORMO","TDWG Level 4 code","native"
75,"TUNOO","TDWG Level 4 code","native"
75,"LBYOO","TDWG Level 4 code","native"
75,"SPASP","TDWG Level 4 code","native"
75,"LBSSY","TDWG Level 4 code","native"
75,"TUROO","TDWG Level 4 code","native"
75,"LBSLB","TDWG Level 4 code","native"
76,"WAU","TDWG Level 4 code","native"
77,"ITAIT","TDWG Level 4 code","native"
78,"36","TDWG Level 4 code","native"
79,"MONOO","TDWG Level 4 code","native"
80,"KAZOO","TDWG Level 4 code","native"
81,"IRNOO","TDWG Level 4 code","native"
81,"SAUOO","TDWG Level 4 code","native"
82,"MDGOO","TDWG Level 4 code","native"
83,"TANOO","TDWG Level 4 code","native"
84,"IND","TDWG Level 4 code","native"
85,"79","TDWG Level 4 code","native"
86,"ABTOO,BRCOO,LABOO,MANOO,NBROO,NFLNE,NSLOO,NUNOO,NWTOO,ONTOO,PEIOO,QUEOO,SASOO,YUKOO","TDWG Level 4 code","native"
87,"GEOOO","TDWG Level 4 code","native"
87,"KTYOO","TDWG Level 4 code","native"
88,"SAUOO","TDWG Level 4 code","native"
89,"BORSB","TDWG Level 4 code","native"
89,"BORSB,BORSR,MLYPM","TDWG Level 4 code","native"
90,"CONOO","TDWG Level 4 code","native"
91,"50","TDWG Level 4 code","native"
92,"ZIMOO","TDWG Level 4 code","native"
93,"ARIOO","TDWG Level 4 code","native"
93,"KANOO","TDWG Level 4 code","native"
93,"OKLOO","TDWG Level 4 code","native"
93,"MSIOO","TDWG Level 4 code","native"
93,"ALAOO","TDWG Level 4 code","native"
93,"KTYOO","TDWG Level 4 code","native"
93,"FLAOO","TDWG Level 4 code","native"
93,"GEOOO","TDWG Level 4 code","native"
93,"TEXOO","TDWG Level 4 code","native"
93,"LOUOO","TDWG Level 4 code","native"
93,"79","TDWG Level 4 code","native"
93,"NWMOO","TDWG Level 4 code","native"
94,"ANGOO","TDWG Level 4 code","native"
95,"ANGOO","TDWG Level 4 code","native"
96,"ANGOO","TDWG Level 4 code","native"
97,"PHIOO","TDWG Level 4 code","native"
98,"GHAOO","TDWG Level 4 code","native"
99,"WAU","TDWG Level 4 code","native"
100,"50","TDWG Level 4 code","native"
101,"50","TDWG Level 4 code","native"
102,"50","TDWG Level 4 code","native"
103,"50","TDWG Level 4 code","native"
104,"50","TDWG Level 4 code","native"
105,"50","TDWG Level 4 code","native"
106,"ANGOO","TDWG Level 4 code","native"
107,"ZAIOO","TDWG Level 4 code","native"
108,"21","TDWG Level 4 code","native"
109,"BORSB,BORSR,MLYPM","TDWG Level 4 code","native"
109,"SRLOO","TDWG Level 4 code","native"
110,"JAWOO","TDWG Level 4 code","native"
111,"ZAIOO","TDWG Level 4 code","native"
112,"PHIOO","TDWG Level 4 code","native"
113,"AGEBA,AGECH,AGECN,AGECO,AGEDF,AGEER,AGEFO,AGELP,AGEMI,AGSCB,AGSNE,AGSRN,AGSSC,AGESF,AGSTF,AGWCA,AGWJU,AGWLR,AGWME,AGWSA,AGWSE,AGWSJ,AGWSL,AGWTU","TDWG Level 4 code","native"
114,"TRTOO","TDWG Level 4 code","native"
115,"PHIOO","TDWG Level 4 code","native"
116,"PHIOO","TDWG Level 4 code","native"
117,"PHIOO","TDWG Level 4 code","native"
118,"PHIOO","TDWG Level 4 code","native"
119,"ZAIOO","TDWG Level 4 code","native"
120,"ANGOO","TDWG Level 4 code","native"
121,"ANGOO","TDWG Level 4 code","native"
122,"MDGOO","TDWG Level 4 code","native"
123,"LBROO","TDWG Level 4 code","native"
124,"LBROO","TDWG Level 4 code","native"
125,"LBROO","TDWG Level 4 code","native"
126,"LBROO","TDWG Level 4 code","native"
127,"LBROO","TDWG Level 4 code","native"
128,"IND","TDWG Level 4 code","native"
129,"50","TDWG Level 4 code","native"
130,"BORSB","TDWG Level 4 code","native"
131,"BORSB","TDWG Level 4 code","native"
132,"NWGPN","TDWG Level 4 code","native"
133,"BORSB","TDWG Level 4 code","native"
133,"PHIOO","TDWG Level 4 code","native"
134,"PHIOO","TDWG Level 4 code","native"
134,"BORSB,BORSR,MLYPM","TDWG Level 4 code","native"
134,"BORSB","TDWG Level 4 code","native"
135,"ANGOO","TDWG Level 4 code","native"
136,"ANGOO","TDWG Level 4 code","native"
137,"ANGOO","TDWG Level 4 code","native"
138,"ANGOO","TDWG Level 4 code","native"
139,"ANGOO","TDWG Level 4 code","native"
140,"ANGOO","TDWG Level 4 code","native"
141,"ANGOO","TDWG Level 4 code","native"
142,"ANGOO","TDWG Level 4 code","native"
143,"ANGOO","TDWG Level 4 code","native"
144,"ANGOO","TDWG Level 4 code","native"
145,"ANGOO","TDWG Level 4 code","native"
146,"ANGOO","TDWG Level 4 code","native"
147,"LBROO","TDWG Level 4 code","native"
148,"LBROO","TDWG Level 4 code","native"
149,"ANGOO","TDWG Level 4 code","native"
150,"NGAOO","TDWG Level 4 code","native"
151,"GHAOO","TDWG Level 4 code","native"
152,"GHAOO","TDWG Level 4 code","native"
153,"GHAOO","TDWG Level 4 code","native"
154,"BORSB","TDWG Level 4 code","native"
154,"BORSB,BORSR,MLYPM","TDWG Level 4 code","native"
155,"THAOO","TDWG Level 4 code","native"
156,"CPPEC,CPPNC,CPPWC,NATOO,OFSOO,TVLGA,TVLMP,TVLNP,TVLNW","TDWG Level 4 code","native"
157,"50","TDWG Level 4 code","native"
158,"50","TDWG Level 4 code","native"
159,"BORSB","TDWG Level 4 code","native"
160,"BORSB","TDWG Level 4 code","native"
161,"NWGPN","TDWG Level 4 code","native"
162,"NWGPN","TDWG Level 4 code","native"
163,"79","TDWG Level 4 code","native"
164,"ANGOO","TDWG Level 4 code","native"
165,"NWG","TDWG Level 4 code","native"
165,"BORSB","TDWG Level 4 code","native"
165,"PHIOO","TDWG Level 4 code","native"
165,"BORSB,BORSR,MLYPM","TDWG Level 4 code","native"
166,"PHIOO","TDWG Level 4 code","native"
167,"BORSB","TDWG Level 4 code","native"
167,"PHIOO","TDWG Level 4 code","native"
167,"BORSB,BORSR,MLYPM","TDWG Level 4 code","native"
167,"SULOO","TDWG Level 4 code","native"
168,"PHIOO","TDWG Level 4 code","native"
169,"PHIOO","TDWG Level 4 code","native"
170,"ANGOO","TDWG Level 4 code","native"
171,"ANGOO","TDWG Level 4 code","native"
172,"ANGOO","TDWG Level 4 code","native"
173,"ANGOO","TDWG Level 4 code","native"
174,"BORSB,BORSR,MLYPM","TDWG Level 4 code","native"
175,"WAU","TDWG Level 4 code","native"
176,"50","TDWG Level 4 code","native"
177,"BGMBE","TDWG Level 4 code","native"
177,"SPASP","TDWG Level 4 code","native"
177,"GRBOO","TDWG Level 4 code","native"
178,"GRBOO","TDWG Level 4 code","native"
179,"ABTOO,BRCOO,LABOO,MANOO,NBROO,NFLNE,NSLOO,NUNOO,NWTOO,ONTOO,PEIOO,QUEOO,SASOO,YUKOO","TDWG Level 4 code","native"
180,"SPASP","TDWG Level 4 code","native"
180,"HUNOO","TDWG Level 4 code","native"
180,"GRBOO","TDWG Level 4 code","native"
181,"1","TDWG Level 4 code","native"
181,"GRBOO","TDWG Level 4 code","native"
182,"1","TDWG Level 4 code","native"
183,"POROO","TDWG Level 4 code","native"
183,"SPASP","TDWG Level 4 code","native"
184,"ABTOO,BRCOO,LABOO,MANOO,NBROO,NFLNE,NSLOO,NUNOO,NWTOO,ONTOO,PEIOO,QUEOO,SASOO,YUKOO","TDWG Level 4 code","native"
185,"NEBOO","TDWG Level 4 code","native"
185,"ALAOO","TDWG Level 4 code","native"
185,"INIOO","TDWG Level 4 code","native"
185,"WISOO","TDWG Level 4 code","native"
186,"NEBOO","TDWG Level 4 code","native"
187,"NEBOO","TDWG Level 4 code","native"
188,"GEOOO","TDWG Level 4 code","native"
188,"TEXOO","TDWG Level 4 code","native"
189,"WISOO","TDWG Level 4 code","native"
190,"TEXOO","TDWG Level 4 code","native"
191,"MAIOO","TDWG Level 4 code","native"
192,"POROO","TDWG Level 4 code","native"
192,"SPASP","TDWG Level 4 code","native"
192,"FRAFR","TDWG Level 4 code","native"
193,"OHIOO","TDWG Level 4 code","native"
193,"WDCOO","TDWG Level 4 code","native"
194,"WISOO","TDWG Level 4 code","native"
195,"EGYOO","TDWG Level 4 code","native"
195,"GEROO","TDWG Level 4 code","native"
196,"COLOO","TDWG Level 4 code","native"
197,"OKLOO","TDWG Level 4 code","native"
198,"MASOO","TDWG Level 4 code","native"
199,"WASOO","TDWG Level 4 code","native"
200,"WASOO","TDWG Level 4 code","native"
201,"MAIOO","TDWG Level 4 code","native"
202,"CALOO","TDWG Level 4 code","native"
202,"MAIOO","TDWG Level 4 code","native"
203,"MAIOO","TDWG Level 4 code","native"
203,"NEBOO","TDWG Level 4 code","native"
204,"HUNOO","TDWG Level 4 code","native"
205,"MASOO","TDWG Level 4 code","native"
205,"NWHOO","TDWG Level 4 code","native"
206,"ILLOO","TDWG Level 4 code","native"
207,"ILLOO","TDWG Level 4 code","native"
208,"36","TDWG Level 4 code","native"
209,"GRBOO","TDWG Level 4 code","native"
210,"GRBOO","TDWG Level 4 code","native"
211,"ALAOO","TDWG Level 4 code","native"
211,"MASOO","TDWG Level 4 code","native"
212,"GRBOO","TDWG Level 4 code","native"
213,"7","TDWG Level 4 code","native"
214,"MNTOO","TDWG Level 4 code","native"
215,"GRBOO","TDWG Level 4 code","native"
216,"DENOO","TDWG Level 4 code","native"
217,"COLOO","TDWG Level 4 code","native"
218,"WASOO","TDWG Level 4 code","native"
219,"GEOOO","TDWG Level 4 code","native"
220,"GRBOO","TDWG Level 4 code","native"
221,"ABTOO,BRCOO,LABOO,MANOO,NBROO,NFLNE,NSLOO,NUNOO,NWTOO,ONTOO,PEIOO,QUEOO,SASOO,YUKOO","TDWG Level 4 code","native"
221,"MRYOO","TDWG Level 4 code","native"
222,"1","TDWG Level 4 code","native"
223,"AUTAU","TDWG Level 4 code","native"
224,"CZECZ","TDWG Level 4 code","native"
225,"EGYOO","TDWG Level 4 code","native"
226,"FRAFR","TDWG Level 4 code","native"
227,"1","TDWG Level 4 code","native"
228,"CALOO","TDWG Level 4 code","native"
229,"CALOO","TDWG Level 4 code","native"
230,"CALOO","TDWG Level 4 code","native"
231,"CALOO","TDWG Level 4 code","native"
232,"CALOO","TDWG Level 4 code","native"
233,"CALOO","TDWG Level 4 code","native"
234,"CALOO","TDWG Level 4 code","native"
235,"CALOO","TDWG Level 4 code","native"
236,"CALOO","TDWG Level 4 code","native"
237,"GEROO","TDWG Level 4 code","native"
238,"ABTOO,BRCOO,LABOO,MANOO,NBROO,NFLNE,NSLOO,NUNOO,NWTOO,ONTOO,PEIOO,QUEOO,SASOO,YUKOO","TDWG Level 4 code","native"
239,"BGMBE","TDWG Level 4 code","native"
240,"BGMBE","TDWG Level 4 code","native"
240,"GRBOO","TDWG Level 4 code","native"
241,"BGMBE","TDWG Level 4 code","native"
242,"SWIOO","TDWG Level 4 code","native"
243,"CNYOO","TDWG Level 4 code","native"
244,"SPASP","TDWG Level 4 code","native"
245,"KAZOO","TDWG Level 4 code","native"
246,"GEROO","TDWG Level 4 code","native"
247,"FRAFR","TDWG Level 4 code","native"
247,"SPASP","TDWG Level 4 code","native"
248,"SPASP","TDWG Level 4 code","native"
249,"SPASP","TDWG Level 4 code","native"
250,"POROO","TDWG Level 4 code","native"
250,"SPASP","TDWG Level 4 code","native"
251,"SPASP","TDWG Level 4 code","native"
252,"SPASP","TDWG Level 4 code","native"
253,"SPASP","TDWG Level 4 code","native"
254,"SPASP","TDWG Level 4 code","native"
255,"POROO","TDWG Level 4 code","native"
255,"SPASP","TDWG Level 4 code","native"
256,"SPASP","TDWG Level 4 code","native"
257,"SPASP","TDWG Level 4 code","native"
258,"SPASP","TDWG Level 4 code","native"
259,"SPASP","TDWG Level 4 code","native"
260,"SPASP","TDWG Level 4 code","native"
261,"SPASP","TDWG Level 4 code","native"
262,"SPASP","TDWG Level 4 code","native"
263,"JAP","TDWG Level 4 code","native"
264,"JAP","TDWG Level 4 code","native"
265,"CALOO","TDWG Level 4 code","native"
265,"NWMOO","TDWG Level 4 code","native"
267,"ARIOO","TDWG Level 4 code","native"
267,"COLOO","TDWG Level 4 code","native"
267,"CALOO","TDWG Level 4 code","native"
268,"TAIOO","TDWG Level 4 code","native"
269,"ILLOO","TDWG Level 4 code","native"
269,"NEBOO","TDWG Level 4 code","native"
270,"NEVOO","TDWG Level 4 code","native"
270,"NWMOO","TDWG Level 4 code","native"
271,"CALOO","TDWG Level 4 code","native"
271,"NEVOO","TDWG Level 4 code","native"
272,"1","TDWG Level 4 code","native"
273,"ILLOO","TDWG Level 4 code","native"
274,"TUNOO","TDWG Level 4 code","native"
275,"1","TDWG Level 4 code","native"
276,"LOUOO","TDWG Level 4 code","native"
276,"TEXOO","TDWG Level 4 code","native"
277,"WDCOO","TDWG Level 4 code","native"
278,"NEBOO","TDWG Level 4 code","native"
278,"NCAOO","TDWG Level 4 code","native"
278,"OKLOO","TDWG Level 4 code","native"
278,"CALOO","TDWG Level 4 code","native"
278,"WISOO","TDWG Level 4 code","native"
278,"ALAOO","TDWG Level 4 code","native"
278,"ILLOO","TDWG Level 4 code","native"
279,"PHIOO","TDWG Level 4 code","native"
280,"PHIOO","TDWG Level 4 code","native"
281,"ILLOO","TDWG Level 4 code","native"
282,"ILLOO","TDWG Level 4 code","native"
283,"GRBOO","TDWG Level 4 code","native"
284,"GRBOO","TDWG Level 4 code","native"
285,"1","TDWG Level 4 code","native"
286,"FRAFR","TDWG Level 4 code","native"
287,"CPPEC,CPPNC,CPPWC,NATOO,OFSOO,TVLGA,TVLMP,TVLNP,TVLNW","TDWG Level 4 code","native"
288,"2","TDWG Level 4 code","native"
289,"JAP","TDWG Level 4 code","native"
290,"JAP","TDWG Level 4 code","native"
291,"JAP","TDWG Level 4 code","native"
292,"JAP","TDWG Level 4 code","native"
293,"CALOO","TDWG Level 4 code","native"
294,"CALOO","TDWG Level 4 code","native"
295,"WYOOO","TDWG Level 4 code","native"
296,"GEROO","TDWG Level 4 code","native"
297,"ITAIT","TDWG Level 4 code","native"
298,"1","TDWG Level 4 code","native"
298,"20","TDWG Level 4 code","native"
299,"ALAOO","TDWG Level 4 code","native"
299,"HAW","TDWG Level 4 code","native"
299,"SCAOO","TDWG Level 4 code","native"
299,"GEOOO","TDWG Level 4 code","native"
300,"TEXOO","TDWG Level 4 code","native"
301,"FLAOO","TDWG Level 4 code","native"
301,"TEXOO","TDWG Level 4 code","native"
302,"LOUOO","TDWG Level 4 code","native"
302,"TEXOO","TDWG Level 4 code","native"
303,"LOUOO","TDWG Level 4 code","native"
304,"2","TDWG Level 4 code","native"
305,"84","TDWG Level 4 code","native"
305,"PAROO","TDWG Level 4 code","native"
305,"AGEBA,AGECH,AGECN,AGECO,AGEDF,AGEER,AGEFO,AGELP,AGEMI,AGSCB,AGSNE,AGSRN,AGSSC,AGESF,AGSTF,AGWCA,AGWJU,AGWLR,AGWME,AGWSA,AGWSE,AGWSJ,AGWSL,AGWTU","TDWG Level 4 code","native"
306,"AGEBA,AGECH,AGECN,AGECO,AGEDF,AGEER,AGEFO,AGELP,AGEMI,AGSCB,AGSNE,AGSRN,AGSSC,AGESF,AGSTF,AGWCA,AGWJU,AGWLR,AGWME,AGWSA,AGWSE,AGWSJ,AGWSL,AGWTU","TDWG Level 4 code","native"
306,"BOLOO","TDWG Level 4 code","native"
307,"AGEBA,AGECH,AGECN,AGECO,AGEDF,AGEER,AGEFO,AGELP,AGEMI,AGSCB,AGSNE,AGSRN,AGSSC,AGESF,AGSTF,AGWCA,AGWJU,AGWLR,AGWME,AGWSA,AGWSE,AGWSJ,AGWSL,AGWTU","TDWG Level 4 code","native"
308,"84","TDWG Level 4 code","native"
308,"AGEBA,AGECH,AGECN,AGECO,AGEDF,AGEER,AGEFO,AGELP,AGEMI,AGSCB,AGSNE,AGSRN,AGSSC,AGESF,AGSTF,AGWCA,AGWJU,AGWLR,AGWME,AGWSA,AGWSE,AGWSJ,AGWSL,AGWTU","TDWG Level 4 code","native"
309,"AGEBA,AGECH,AGECN,AGECO,AGEDF,AGEER,AGEFO,AGELP,AGEMI,AGSCB,AGSNE,AGSRN,AGSSC,AGESF,AGSTF,AGWCA,AGWJU,AGWLR,AGWME,AGWSA,AGWSE,AGWSJ,AGWSL,AGWTU","TDWG Level 4 code","native"
310,"CPPEC,CPPNC,CPPWC,NATOO,OFSOO,TVLGA,TVLMP,TVLNP,TVLNW","TDWG Level 4 code","native"
310,"ZAIOO","TDWG Level 4 code","native"
311,"ZAIOO","TDWG Level 4 code","native"
312,"NATOO","TDWG Level 4 code","native"
313,"84","TDWG Level 4 code","native"
313,"PEROO","TDWG Level 4 code","native"
313,"PAROO","TDWG Level 4 code","native"
314,"CLCBI,CLCCO,CLCLA,CLCMA,CLCOH,CLCSA,CLCVA,CLNAN,CLNAT,CLNTA,CLSAI,CLSLL,CLSMG","TDWG Level 4 code","native"
315,"YUGCR","TDWG Level 4 code","native"
316,"PEROO","TDWG Level 4 code","native"
317,"GRCOO","TDWG Level 4 code","native"
317,"TUROO","TDWG Level 4 code","native"
318,"GRCOO","TDWG Level 4 code","native"
318,"TUROO","TDWG Level 4 code","native"
319,"GRCOO","TDWG Level 4 code","native"
320,"1","TDWG Level 4 code","native"
321,"TEXOO","TDWG Level 4 code","native"
322,"TEXOO","TDWG Level 4 code","native"
323,"NCAOO","TDWG Level 4 code","native"
323,"LOUOO","TDWG Level 4 code","native"
323,"TEXOO","TDWG Level 4 code","native"
324,"NEBOO","TDWG Level 4 code","native"
325,"CALOO","TDWG Level 4 code","native"
326,"FLAOO","TDWG Level 4 code","native"
327,"NWJOO","TDWG Level 4 code","native"
328,"ILLOO","TDWG Level 4 code","native"
329,"ILLOO","TDWG Level 4 code","native"
330,"ILLOO","TDWG Level 4 code","native"
331,"NWMOO","TDWG Level 4 code","native"
332,"AGEBA,AGECH,AGECN,AGECO,AGEDF,AGEER,AGEFO,AGELP,AGEMI,AGSCB,AGSNE,AGSRN,AGSSC,AGESF,AGSTF,AGWCA,AGWJU,AGWLR,AGWME,AGWSA,AGWSE,AGWSJ,AGWSL,AGWTU","TDWG Level 4 code","native"
333,"PHIOO","TDWG Level 4 code","native"
334,"SPASP","TDWG Level 4 code","native"
335,"JAP","TDWG Level 4 code","native"
336,"LBROO","TDWG Level 4 code","native"
336,"ZAIOO","TDWG Level 4 code","native"
337,"POROO","TDWG Level 4 code","native"
338,"ANGOO","TDWG Level 4 code","native"
339,"NWG","TDWG Level 4 code","native"
340,"POROO","TDWG Level 4 code","native"
341,"84","TDWG Level 4 code","native"
342,"HONOO","TDWG Level 4 code","native"
343,"SPASP","TDWG Level 4 code","native"
344,"ETHOO","TDWG Level 4 code","native"
345,"PHIOO","TDWG Level 4 code","native"
345,"ZAIOO","TDWG Level 4 code","native"
345,"IND","TDWG Level 4 code","native"
346,"SENOO","TDWG Level 4 code","native"
347,"81","TDWG Level 4 code","native"
348,"81","TDWG Level 4 code","native"
349,"1","TDWG Level 4 code","native"
349,"ALAOO,ALUOO,ARIOO,ARKOO,ASKOO,CALOO,CNTOO,COLOO,DELOO,FLAOO,GEOOO,IDAOO,ILLOO,INIOO,IOWOO,KANOO,KTYOO,LOUOO,MAIOO,MASOO,MICOO,MINOO,MNTOO,MRYOO,MSIOO,MSOOO,NCAOO,NDAOO,NEBOO,NEVOO,NWHOO,NWJOO,NWMOO,NWYOO,OHIOO,OKLOO,OREOO,PENOO,RHOOO,SCAOO,SDAOO,TENOO,TEXOO,UTAOO,VEROO,VRGOO,WASOO,WDCOO,WISOO,WVAOO,WYOOO,HAWHI","TDWG Level 4 code","native"
350,"NCAOO","TDWG Level 4 code","native"
350,"CALOO","TDWG Level 4 code","native"
350,"ILLOO","TDWG Level 4 code","native"
350,"GEOOO","TDWG Level 4 code","native"
350,"TEXOO","TDWG Level 4 code","native"
351,"GRCOO","TDWG Level 4 code","native"
352,"LOUOO","TDWG Level 4 code","native"
352,"OHIOO","TDWG Level 4 code","native"
353,"COLOO","TDWG Level 4 code","native"
353,"OHIOO","TDWG Level 4 code","native"
353,"ILLOO","TDWG Level 4 code","native"
354,"THAOO","TDWG Level 4 code","native"
355,"WINDO","TDWG Level 4 code","native"
356,"MRYOO","TDWG Level 4 code","native"
356,"PENOO","TDWG Level 4 code","native"
357,"IND","TDWG Level 4 code","native"
357,"SRLOO","TDWG Level 4 code","native"
358,"COLOO","TDWG Level 4 code","native"
359,"AGEBA,AGECH,AGECN,AGECO,AGEDF,AGEER,AGEFO,AGELP,AGEMI,AGSCB,AGSNE,AGSRN,AGSSC,AGESF,AGSTF,AGWCA,AGWJU,AGWLR,AGWME,AGWSA,AGWSE,AGWSJ,AGWSL,AGWTU","TDWG Level 4 code","native"
360,"AGEBA,AGECH,AGECN,AGECO,AGEDF,AGEER,AGEFO,AGELP,AGEMI,AGSCB,AGSNE,AGSRN,AGSSC,AGESF,AGSTF,AGWCA,AGWJU,AGWLR,AGWME,AGWSA,AGWSE,AGWSJ,AGWSL,AGWTU","TDWG Level 4 code","native"
361,"AGEBA,AGECH,AGECN,AGECO,AGEDF,AGEER,AGEFO,AGELP,AGEMI,AGSCB,AGSNE,AGSRN,AGSSC,AGESF,AGSTF,AGWCA,AGWJU,AGWLR,AGWME,AGWSA,AGWSE,AGWSJ,AGWSL,AGWTU","TDWG Level 4 code","native"
362,"84","TDWG Level 4 code","native"
362,"AGEBA,AGECH,AGECN,AGECO,AGEDF,AGEER,AGEFO,AGELP,AGEMI,AGSCB,AGSNE,AGSRN,AGSSC,AGESF,AGSTF,AGWCA,AGWJU,AGWLR,AGWME,AGWSA,AGWSE,AGWSJ,AGWSL,AGWTU","TDWG Level 4 code","native"
363,"AGEBA,AGECH,AGECN,AGECO,AGEDF,AGEER,AGEFO,AGELP,AGEMI,AGSCB,AGSNE,AGSRN,AGSSC,AGESF,AGSTF,AGWCA,AGWJU,AGWLR,AGWME,AGWSA,AGWSE,AGWSJ,AGWSL,AGWTU","TDWG Level 4 code","native"
364,"AGEBA,AGECH,AGECN,AGECO,AGEDF,AGEER,AGEFO,AGELP,AGEMI,AGSCB,AGSNE,AGSRN,AGSSC,AGESF,AGSTF,AGWCA,AGWJU,AGWLR,AGWME,AGWSA,AGWSE,AGWSJ,AGWSL,AGWTU","TDWG Level 4 code","native"
365,"50","TDWG Level 4 code","native"
365,"NWG","TDWG Level 4 code","native"
366,"ZAIOO","TDWG Level 4 code","native"
367,"ZAIOO","TDWG Level 4 code","native"
368,"ALGOO","TDWG Level 4 code","native"
369,"ZAIOO","TDWG Level 4 code","native"
370,"SWIOO","TDWG Level 4 code","native"
370,"ITAIT","TDWG Level 4 code","native"
370,"FRAFR","TDWG Level 4 code","native"
371,"UGAOO","TDWG Level 4 code","native"
372,"NWG","TDWG Level 4 code","native"
373,"NWG","TDWG Level 4 code","native"
374,"ANGOO","TDWG Level 4 code","native"
375,"NWG","TDWG Level 4 code","native"
376,"CYPOO","TDWG Level 4 code","native"
377,"NWG","TDWG Level 4 code","native"
378,"ZAIOO","TDWG Level 4 code","native"
379,"MLIOO","TDWG Level 4 code","native"
380,"NWG","TDWG Level 4 code","native"
381,"ZAIOO","TDWG Level 4 code","native"
382,"ANGOO","TDWG Level 4 code","native"
383,"ANGOO","TDWG Level 4 code","native"
384,"84","TDWG Level 4 code","native"
385,"PHIOO","TDWG Level 4 code","native"
386,"JAP","TDWG Level 4 code","native"
387,"JAP","TDWG Level 4 code","native"
388,"GRBOO","TDWG Level 4 code","native"
388,"SWEOO","TDWG Level 4 code","native"
389,"BOR","TDWG Level 4 code","native"
390,"ARIOO","TDWG Level 4 code","native"
390,"KANOO","TDWG Level 4 code","native"
390,"OREOO","TDWG Level 4 code","native"
390,"COLOO","TDWG Level 4 code","native"
390,"MRYOO","TDWG Level 4 code","native"
390,"CALOO","TDWG Level 4 code","native"
390,"MSOOO","TDWG Level 4 code","native"
390,"GEOOO","TDWG Level 4 code","native"
390,"OHIOO","TDWG Level 4 code","native"
390,"IDAOO","TDWG Level 4 code","native"
390,"UTAOO","TDWG Level 4 code","native"
391,"36","TDWG Level 4 code","native"
391,"50","TDWG Level 4 code","native"
391,"SRLOO","TDWG Level 4 code","native"
391,"BORSR","TDWG Level 4 code","native"
391,"JAP","TDWG Level 4 code","native"
392,"50","TDWG Level 4 code","native"
393,"50","TDWG Level 4 code","native"
394,"50","TDWG Level 4 code","native"
395,"50","TDWG Level 4 code","native"
396,"NWMOO","TDWG Level 4 code","native"
397,"81","TDWG Level 4 code","native"
397,"AGEBA,AGECH,AGECN,AGECO,AGEDF,AGEER,AGEFO,AGELP,AGEMI,AGSCB,AGSNE,AGSRN,AGSSC,AGESF,AGSTF,AGWCA,AGWJU,AGWLR,AGWME,AGWSA,AGWSE,AGWSJ,AGWSL,AGWTU","TDWG Level 4 code","native"
397,"CALOO","TDWG Level 4 code","native"
397,"UTAOO","TDWG Level 4 code","native"
398,"JAWOO","TDWG Level 4 code","native"
399,"KANOO","TDWG Level 4 code","native"
399,"NDAOO","TDWG Level 4 code","native"
399,"SDAOO","TDWG Level 4 code","native"
400,"SRLOO","TDWG Level 4 code","native"
402,"24","TDWG Level 4 code","native"
402,"25","TDWG Level 4 code","native"
404,"IND","TDWG Level 4 code","native"
405,"BORKA,JAWOO,LSIBA,LSILS,MOLOO,NWGIJ,SULOO,SUMOO","TDWG Level 4 code","native"
405,"PHIOO","TDWG Level 4 code","native"
406,"ARKOO","TDWG Level 4 code","native"
406,"LOUOO","TDWG Level 4 code","native"
406,"TENOO","TDWG Level 4 code","native"
406,"NCAOO","TDWG Level 4 code","native"
406,"SCAOO","TDWG Level 4 code","native"
406,"GEOOO","TDWG Level 4 code","native"
406,"TEXOO","TDWG Level 4 code","native"
407,"SUMOO","TDWG Level 4 code","native"
408,"IND","TDWG Level 4 code","native"
409,"ITAIT","TDWG Level 4 code","native"
410,"ABTOO,BRCOO,LABOO,MANOO,NBROO,NFLNE,NSLOO,NUNOO,NWTOO,ONTOO,PEIOO,QUEOO,SASOO,YUKOO","TDWG Level 4 code","native"
410,"KANOO","TDWG Level 4 code","native"
411,"ARIOO","TDWG Level 4 code","native"
411,"ARKOO","TDWG Level 4 code","native"
411,"NCAOO","TDWG Level 4 code","native"
411,"TENOO","TDWG Level 4 code","native"
411,"MRYOO","TDWG Level 4 code","native"
411,"OKLOO","TDWG Level 4 code","native"
411,"MSIOO","TDWG Level 4 code","native"
411,"ALAOO","TDWG Level 4 code","native"
411,"ABTOO,BRCOO,LABOO,MANOO,NBROO,NFLNE,NSLOO,NUNOO,NWTOO,ONTOO,PEIOO,QUEOO,SASOO,YUKOO","TDWG Level 4 code","native"
411,"GEOOO","TDWG Level 4 code","native"
411,"TEXOO","TDWG Level 4 code","native"
411,"LOUOO","TDWG Level 4 code","native"
411,"SCAOO","TDWG Level 4 code","native"
412,"LOUOO","TDWG Level 4 code","native"
412,"TENOO","TDWG Level 4 code","native"
412,"WASOO","TDWG Level 4 code","native"
412,"79","TDWG Level 4 code","native"
412,"KTYOO","TDWG Level 4 code","native"
412,"GEOOO","TDWG Level 4 code","native"
412,"NWMOO","TDWG Level 4 code","native"
413,"WASOO","TDWG Level 4 code","native"
414,"36","TDWG Level 4 code","native"
415,"36","TDWG Level 4 code","native"
416,"IND","TDWG Level 4 code","native"
417,"COSOO","TDWG Level 4 code","native"
418,"ARIOO","TDWG Level 4 code","native"
418,"KANOO","TDWG Level 4 code","native"
418,"LOUOO","TDWG Level 4 code","native"
418,"CALOO","TDWG Level 4 code","native"
418,"NWMOO","TDWG Level 4 code","native"
418,"TEXOO","TDWG Level 4 code","native"
419,"PHIOO","TDWG Level 4 code","native"
420,"LOUOO","TDWG Level 4 code","native"
420,"TENOO","TDWG Level 4 code","native"
420,"NWJOO","TDWG Level 4 code","native"
421,"NEBOO","TDWG Level 4 code","native"
422,"YUGCR","TDWG Level 4 code","native"
423,"SRLOO","TDWG Level 4 code","native"
424,"LOUOO","TDWG Level 4 code","native"
425,"36","TDWG Level 4 code","native"
425,"JAP","TDWG Level 4 code","native"
425,"BORSR","TDWG Level 4 code","native"
425,"PHIOO","TDWG Level 4 code","native"
426,"CPPEC,CPPNC,CPPWC,NATOO,OFSOO,TVLGA,TVLMP,TVLNP,TVLNW","TDWG Level 4 code","native"
427,"MDGOO","TDWG Level 4 code","native"
428,"TANOO","TDWG Level 4 code","native"
429,"36","TDWG Level 4 code","native"
430,"36","TDWG Level 4 code","native"
431,"CLCBI,CLCCO,CLCLA,CLCMA,CLCOH,CLCSA,CLCVA,CLNAN,CLNAT,CLNTA,CLSAI,CLSLL,CLSMG","TDWG Level 4 code","native"
432,"UGAOO","TDWG Level 4 code","native"
433,"UGAOO","TDWG Level 4 code","native"
434,"CPPEC,CPPNC,CPPWC,NATOO,OFSOO,TVLGA,TVLMP,TVLNP,TVLNW","TDWG Level 4 code","native"
435,"AGEBA,AGECH,AGECN,AGECO,AGEDF,AGEER,AGEFO,AGELP,AGEMI,AGSCB,AGSNE,AGSRN,AGSSC,AGESF,AGSTF,AGWCA,AGWJU,AGWLR,AGWME,AGWSA,AGWSE,AGWSJ,AGWSL,AGWTU","TDWG Level 4 code","native"
436,"FRAFR","TDWG Level 4 code","native"
436,"GEROO","TDWG Level 4 code","native"
437,"PHIOO","TDWG Level 4 code","native"
438,"GUAOO","TDWG Level 4 code","native"
439,"ANGOO","TDWG Level 4 code","native"
440,"GHAOO","TDWG Level 4 code","native"
441,"GHAOO","TDWG Level 4 code","native"
442,"ZAIOO","TDWG Level 4 code","native"
443,"NATOO","TDWG Level 4 code","native"
444,"ANGOO","TDWG Level 4 code","native"
447,"FINOO","TDWG Level 4 code","native"
447,"FRAFR","TDWG Level 4 code","native"
447,"GRBOO","TDWG Level 4 code","native"
448,"BORSB,BORSR,MLYPM","TDWG Level 4 code","native"
449,"BORSB,BORSR,MLYPM","TDWG Level 4 code","native"
450,"LBYOO","TDWG Level 4 code","native"
451,"50","TDWG Level 4 code","native"
452,"50","TDWG Level 4 code","native"
453,"BORSB","TDWG Level 4 code","native"
454,"BORSB","TDWG Level 4 code","native"
455,"BORSB","TDWG Level 4 code","native"
456,"BORSB","TDWG Level 4 code","native"
457,"LBYOO","TDWG Level 4 code","native"
458,"ALTOO,AMUOO,BLROO,BLTKA,BLTLA,BRYOO,CTAOO,IRKOO,KAMOO,KHAOO,KRAOO,KUROO,MAGOO,NCSDA,NCSKB,NCSKC,NCSKR,NCSSO,NCSST,PRMOO,RUCOO,RUEOO,RUNOO,RUSOO,RUWOO,SAKOO,TVAOO,WSBOO,YAKOO,NCSCH,NCSIN","TDWG Level 4 code","native"
459,"JAWOO","TDWG Level 4 code","native"
460,"PUEOO","TDWG Level 4 code","native"
460,"ALAOO,ALUOO,ARIOO,ARKOO,ASKOO,CALOO,CNTOO,COLOO,DELOO,FLAOO,GEOOO,IDAOO,ILLOO,INIOO,IOWOO,KANOO,KTYOO,LOUOO,MAIOO,MASOO,MICOO,MINOO,MNTOO,MRYOO,MSIOO,MSOOO,NCAOO,NDAOO,NEBOO,NEVOO,NWHOO,NWJOO,NWMOO,NWYOO,OHIOO,OKLOO,OREOO,PENOO,RHOOO,SCAOO,SDAOO,TENOO,TEXOO,UTAOO,VEROO,VRGOO,WASOO,WDCOO,WISOO,WVAOO,WYOOO,HAWHI","TDWG Level 4 code","native"
460,"VENOO","TDWG Level 4 code","native"
461,"JAWOO","TDWG Level 4 code","native"
462,"ABTOO,BRCOO,LABOO,MANOO,NBROO,NFLNE,NSLOO,NUNOO,NWTOO,ONTOO,PEIOO,QUEOO,SASOO,YUKOO","TDWG Level 4 code","native"
463,"IND","TDWG Level 4 code","native"
464,"36","TDWG Level 4 code","native"
465,"36","TDWG Level 4 code","native"
466,"ALBOO","TDWG Level 4 code","native"
467,"PHIOO","TDWG Level 4 code","native"
468,"ROMOO","TDWG Level 4 code","native"
469,"WAU","TDWG Level 4 code","native"
470,"50","TDWG Level 4 code","native"
471,"TANOO","TDWG Level 4 code","native"
472,"50","TDWG Level 4 code","native"
473,"SOL","TDWG Level 4 code","native"
474,"ANGOO","TDWG Level 4 code","native"
475,"50","TDWG Level 4 code","native"
476,"50","TDWG Level 4 code","native"
477,"BORSB","TDWG Level 4 code","native"
478,"BORSB","TDWG Level 4 code","native"
480,"THAOO","TDWG Level 4 code","native"
481,"WAU","TDWG Level 4 code","native"
482,"HONOO","TDWG Level 4 code","native"
483,"1","TDWG Level 4 code","native"
484,"MAUOO","TDWG Level 4 code","native"
485,"OHIOO","TDWG Level 4 code","native"
485,"WDCOO","TDWG Level 4 code","native"
485,"CALOO","TDWG Level 4 code","native"
486,"FIJOO","TDWG Level 4 code","native"
487,"HAW","TDWG Level 4 code","native"
488,"51","TDWG Level 4 code","native"
489,"ANGOO","TDWG Level 4 code","native"
490,"79","TDWG Level 4 code","native"
491,"TANOO","TDWG Level 4 code","native"
492,"SOL","TDWG Level 4 code","native"
493,"DOMOO","TDWG Level 4 code","native"
494,"ANGOO","TDWG Level 4 code","native"
495,"ANGOO","TDWG Level 4 code","native"
496,"50","TDWG Level 4 code","native"
497,"BOR","TDWG Level 4 code","native"
497,"BORSR","TDWG Level 4 code","native"
498,"50","TDWG Level 4 code","native"
499,"NWG","TDWG Level 4 code","native"
500,"NWG","TDWG Level 4 code","native"
501,"NGAOO","TDWG Level 4 code","native"
502,"50","TDWG Level 4 code","native"
503,"BORSB","TDWG Level 4 code","native"
504,"PHIOO","TDWG Level 4 code","native"
505,"BISOO","TDWG Level 4 code","native"
506,"SRLOO","TDWG Level 4 code","native"
507,"50","TDWG Level 4 code","native"
508,"NETOO","TDWG Level 4 code","native"
509,"JAP","TDWG Level 4 code","native"
510,"FLAOO","TDWG Level 4 code","native"
511,"JAP","TDWG Level 4 code","native"
512,"LBROO","TDWG Level 4 code","native"
513,"NWG","TDWG Level 4 code","native"
513,"SOL","TDWG Level 4 code","native"
514,"79","TDWG Level 4 code","native"
515,"IND","TDWG Level 4 code","native"
516,"LAOOO","TDWG Level 4 code","native"
516,"BORKA,JAWOO,LSIBA,LSILS,MOLOO,NWGIJ,SULOO,SUMOO","TDWG Level 4 code","native"
516,"THAOO","TDWG Level 4 code","native"
516,"BORSB,BORSR,MLYPM","TDWG Level 4 code","native"
516,"BORSB","TDWG Level 4 code","native"
517,"SRLOO","TDWG Level 4 code","native"
518,"JAP","TDWG Level 4 code","native"
519,"79","TDWG Level 4 code","native"
519,"CLN,BZN,CLM,CLS,ECU,GAL,GUY,FRG,PAR,PER,SUR,CLC,URU,VEN,AGW,AGS,AGE,BOL,BZC,BZE,BZL,BZS,DSV,JNF","TDWG Level 4 code","native"
520,"NWG","TDWG Level 4 code","native"
521,"84","TDWG Level 4 code","native"
522,"NWG","TDWG Level 4 code","native"
523,"LBROO","TDWG Level 4 code","native"
524,"NWGPN","TDWG Level 4 code","native"
525,"BORSB","TDWG Level 4 code","native"
525,"THAOO","TDWG Level 4 code","native"
526,"IND","TDWG Level 4 code","native"
527,"LAOOO","TDWG Level 4 code","native"
528,"SOL","TDWG Level 4 code","native"
529,"LAOOO","TDWG Level 4 code","native"
530,"84","TDWG Level 4 code","native"
530,"DOMOO","TDWG Level 4 code","native"
531,"84","TDWG Level 4 code","native"
532,"NWGPN","TDWG Level 4 code","native"
533,"JAP","TDWG Level 4 code","native"
534,"SRLOO","TDWG Level 4 code","native"
535,"BORSB","TDWG Level 4 code","native"
535,"SRLOO","TDWG Level 4 code","native"
536,"BORSB","TDWG Level 4 code","native"
536,"SRLOO","TDWG Level 4 code","native"
537,"SRLOO","TDWG Level 4 code","native"
538,"BORSB","TDWG Level 4 code","native"
538,"SRLOO","TDWG Level 4 code","native"
539,"FIJOO","TDWG Level 4 code","native"
540,"FIJOO","TDWG Level 4 code","native"
541,"NWGPN","TDWG Level 4 code","native"
542,"BOR","TDWG Level 4 code","native"
543,"84","TDWG Level 4 code","native"
544,"BORSB,BORSR,MLYPM","TDWG Level 4 code","native"
545,"CHSHK","TDWG Level 4 code","native"
546,"SOL","TDWG Level 4 code","native"
547,"NWGPN","TDWG Level 4 code","native"
548,"NWG","TDWG Level 4 code","native"
549,"LAOOO","TDWG Level 4 code","native"
550,"SOL","TDWG Level 4 code","native"
551,"VIEOO","TDWG Level 4 code","native"
552,"SPASP","TDWG Level 4 code","native"
553,"1","TDWG Level 4 code","native"
554,"1","TDWG Level 4 code","native"
555,"1","TDWG Level 4 code","native"
556,"1","TDWG Level 4 code","native"
557,"1","TDWG Level 4 code","native"
558,"1","TDWG Level 4 code","native"
559,"1","TDWG Level 4 code","native"
560,"JAP","TDWG Level 4 code","native"
561,"JAP","TDWG Level 4 code","native"
562,"JAP","TDWG Level 4 code","native"
563,"JAP","TDWG Level 4 code","native"
564,"JAP","TDWG Level 4 code","native"
565,"JAP","TDWG Level 4 code","native"
566,"JAP","TDWG Level 4 code","native"
567,"JAP","TDWG Level 4 code","native"
568,"JAP","TDWG Level 4 code","native"
569,"JAP","TDWG Level 4 code","native"
570,"JAP","TDWG Level 4 code","native"
571,"JAP","TDWG Level 4 code","native"
572,"JAP","TDWG Level 4 code","native"
573,"JAP","TDWG Level 4 code","native"
574,"JAP","TDWG Level 4 code","native"
575,"JAP","TDWG Level 4 code","native"
576,"JAP","TDWG Level 4 code","native"
577,"JAP","TDWG Level 4 code","native"
578,"GNLOO","TDWG Level 4 code","native"
578,"UKRUK","TDWG Level 4 code","native"
579,"1","TDWG Level 4 code","native"
580,"ITAIT","TDWG Level 4 code","native"
581,"1","TDWG Level 4 code","native"
582,"CPPEC,CPPNC,CPPWC,NATOO,OFSOO,TVLGA,TVLMP,TVLNP,TVLNW","TDWG Level 4 code","native"
583,"84","TDWG Level 4 code","native"
583,"PANOO","TDWG Level 4 code","native"
584,"84","TDWG Level 4 code","native"
585,"84","TDWG Level 4 code","native"
586,"84","TDWG Level 4 code","native"
587,"84","TDWG Level 4 code","native"
588,"84","TDWG Level 4 code","native"
589,"84","TDWG Level 4 code","native"
590,"84","TDWG Level 4 code","native"
591,"84","TDWG Level 4 code","native"
592,"ARIOO","TDWG Level 4 code","native"
593,"79","TDWG Level 4 code","native"
594,"PHIOO","TDWG Level 4 code","native"
595,"JAP","TDWG Level 4 code","native"
596,"84","TDWG Level 4 code","native"
596,"AGEBA,AGECH,AGECN,AGECO,AGEDF,AGEER,AGEFO,AGELP,AGEMI,AGSCB,AGSNE,AGSRN,AGSSC,AGESF,AGSTF,AGWCA,AGWJU,AGWLR,AGWME,AGWSA,AGWSE,AGWSJ,AGWSL,AGWTU","TDWG Level 4 code","native"
597,"ILLOO","TDWG Level 4 code","native"
598,"JAP","TDWG Level 4 code","native"
599,"84","TDWG Level 4 code","native"
600,"SRLOO","TDWG Level 4 code","native"
601,"50","TDWG Level 4 code","native"
602,"WAU","TDWG Level 4 code","native"
603,"IND","TDWG Level 4 code","native"
603,"JAP","TDWG Level 4 code","native"
604,"84","TDWG Level 4 code","native"
605,"84","TDWG Level 4 code","native"
606,"JAP","TDWG Level 4 code","native"
607,"SRLOO","TDWG Level 4 code","native"
608,"SRLOO","TDWG Level 4 code","native"
609,"NWG","TDWG Level 4 code","native"
610,"BOR","TDWG Level 4 code","native"
611,"SAMWS","TDWG Level 4 code","native"
612,"LAOOO","TDWG Level 4 code","native"
613,"NWG","TDWG Level 4 code","native"
614,"SAMWS","TDWG Level 4 code","native"
615,"BOR","TDWG Level 4 code","native"
616,"79","TDWG Level 4 code","native"
617,"IND","TDWG Level 4 code","native"
618,"TEXOO","TDWG Level 4 code","native"
619,"SRLOO","TDWG Level 4 code","native"
620,"SOL","TDWG Level 4 code","native"
621,"NWG","TDWG Level 4 code","native"
622,"JAP","TDWG Level 4 code","native"
623,"50","TDWG Level 4 code","native"
624,"JAP","TDWG Level 4 code","native"
625,"50","TDWG Level 4 code","native"
626,"PALJO","TDWG Level 4 code","native"
627,"PALJO","TDWG Level 4 code","native"
628,"IND","TDWG Level 4 code","native"
629,"JAP","TDWG Level 4 code","native"
630,"JAP","TDWG Level 4 code","native"
631,"JAP","TDWG Level 4 code","native"
632,"JAP","TDWG Level 4 code","native"
633,"IND","TDWG Level 4 code","native"
634,"IND","TDWG Level 4 code","native"
636,"BORKA,JAWOO,LSIBA,LSILS,MOLOO,NWGIJ,SULOO,SUMOO","TDWG Level 4 code","native"
638,"TANOO","TDWG Level 4 code","native"
640,"84","TDWG Level 4 code","native"
642,"THAOO","TDWG Level 4 code","native"
643,"JAP","TDWG Level 4 code","native"
645,"NWG","TDWG Level 4 code","native"
648,"36","TDWG Level 4 code","native"
648,"JAP","TDWG Level 4 code","native"
648,"TAIOO","TDWG Level 4 code","native"
650,"JAP","TDWG Level 4 code","native"
651,"TAIOO","TDWG Level 4 code","native"
652,"TAIOO","TDWG Level 4 code","native"
653,"TAIOO","TDWG Level 4 code","native"
654,"THAOO","TDWG Level 4 code","native"
655,"JAP","TDWG Level 4 code","native"
663,"BLT","TDWG Level 4 code","native"
665,"MDGOO","TDWG Level 4 code","native"
666,"NZNOO","TDWG Level 4 code","native"
667,"LBROO","TDWG Level 4 code","native"
669,"JAPKY","TDWG Level 4 code","native"
670,"NGAOO","TDWG Level 4 code","native"
671,"NGAOO","TDWG Level 4 code","native"
672,"TAIOO","TDWG Level 4 code","native"
673,"JAPKY","TDWG Level 4 code","native"
674,"THAOO","TDWG Level 4 code","native"
675,"SUMOO","TDWG Level 4 code","native"
678,"JAP","TDWG Level 4 code","native"
679,"THAOO","TDWG Level 4 code","native"
680,"MXGVC","TDWG Level 4 code","native"
681,"MXSGR","TDWG Level 4 code","native"
683,"MYAOO","TDWG Level 4 code","native"
684,"DOMOO","TDWG Level 4 code","native"
685,"TANOO","TDWG Level 4 code","native"
688,"GEROO","TDWG Level 4 code","native"
690,"BZLRJ","TDWG Level 4 code","native"
691,"BZCMS","TDWG Level 4 code","native"
692,"BZLSP","TDWG Level 4 code","native"
693,"CALOO","TDWG Level 4 code","native"
646,"79","TDWG Level 4 code","native"
647,"TEXOO","TDWG Level 4 code","native"
