"ReferenceID","Authors","Year","Title","Details"
1,"Abdul-Nour H.",1969,"Une nouvelle espèce de Strepsiptère parasite de Jassidae [Hom. Auch.] Halictophagus languedoci n. sp.","Annales Societé Entomologique de France, 5: 361-369."
3,"Abdul-Nour H.",1985,"Une nouvelle espèce de Strepsiptère au Liban: Halictophagus hayari, n. sp. (Strepsiptera, Halictophagidae)","Nouvelle Revue Entomologie, 2: 71-73."
4,"Ahlberg O.",1925,"Zikadenparasiten unter Strepsipteren und Hymenopteren. Beilage II zu A. Tullgren: Om Dvargstriten (Cicadula sexnotata Fall.) Meddr. 287","Centralanst. forsoksvas. Jordbruksonradet. Ent. Avd., 46: 79-82."
5,"Allwood A. J. & Drew R. A. I.",1996,"Seasonal abundance, distribution, hosts and taxonomic placement of Dipterophagus daci Drew & Allwood (Strepsiptera: Dipterophagidae)","Australian Entomologist, 23: 61-72."
6,"Baliga H.",1967,"A new species of Corioxenos (Stylopidea) parasitizing Antestiopsis cruciata (F.) Homoptera, Pentatomidae) in India","Bulletin of Entomological Research, 57: 387-393."
7,"Baumert D.",1959,"Mehrjährige Zuchten einheimischer Strepsipteren an Homopteren. 2. Hälfte. Imagines, Lebenszyklus und Artenbestimmung von Elenchus tenuicornis Kirby","Zoologische Beitäge, 4: 341-409."
8,"Blair K. G.",1936,"A new genus of Strepsiptera","Proceedings of the Royal Entomological Society of London (B), 5: 113-117."
9,"Bohart R. M.",1937,"A new genus and species of Strepsiptera from Canada","Pan-Pacific Entomologist, 13: 101-106."
10,"Bohart R. M.",1941,"A revision of the Strepsiptera with special reference to the species of North America","University California Publications in Entomology, 7: 91-160."
11,"Bohart R. M.",1943,"New species of Halictophagus with a key to the genus in North America (Strepsiptera: Halictophagidae)","Annals of the Entomological Society of America, 36: 341-359."
12,"Bohart R. M.",1951,"The Myrmecolacidae of the Philippines","Wasmann Journal of Biology, 9(1): 83-103."
13,"Bohart R. M.",1962,"A new species of Strepsiptera parasitic on Coreidae","Proceedings of the Entomological Society of Washington, 64: 91-94."
14,"Bolivar Pieltain C.",1926,"Estudio de un nuevo Mengenillidae de España (Streps. Meng.) Eos","Revista Española de Entomologia. Madrid, 2: 5-13."
15,"Brailovsky H.",1974,"Una nueva especie de Stichotrema Hofeneder 1910 (Strepsiptera, Myrmecolacidae) para Mexico","Revista de la Sociedad Mexicana de Historia Natural, 35: 167-173."
18,"Chattopadhyay A. K. & Chaudhuri P. K.",1980,"Record of genus Caenocholax Pierce (Myrmecolacidae, Strepsiptera) from India","Journal of the Bombay Natural History Society, 76: 490-492."
19,"Chaudhuri P. K. & Das Gupta S. K.",1979,"New species of Halictophagus and Triozocera (Strepsiptera) from West Bengal, India","Oriental Insects, 13: 133-137."
21,"Chaudhuri P. K., Ghosh M. & Das Gupta S. K.",1983,"Notes on Indian Strepsiptera with descriptions of three new species","Deutsche Entomologische Zeitschrift, 30: 23-29."
22,"Cook J.",2001,"Review and first new world endemic of the strepsipteran genus Corioxenos Blair (Strepsiptera: Corioxenidae: Corioxeninae)","Proceedings of the Entomological Society of Washington, 103: 296-402."
23,"Cowley D. R.",1984,"Coriophagus causi sp. n. (Halictophagidae: Coriophaginae): a male strepsipteran from Auckland, New Zealand","New Zealand Journal of Zoology, 11: 351-353."
24,"Curtis J.",1831,"Elenchus walkeri [mit Mitt. von A. H. Hailday]","British Entomology, 8: 338-383."
25,"Curtis J.",1832,"Halictophagus Curtisii Dale [mit Mitt. von J. CH. Dale]","British Entomology, 9: 384-433."
26,"Dover C.",1929,"XVI. On Strepsiptera from the Malay Peninsula","Federation Museums Journal, 13: 263-264."
27,"Drew R. A. I. & Allwood A. J.",1985,"A new family of Strepsiptera parasitizing fruit flies (Tephritidae) in Australia","Systematic Entomology, 10: 129-134."
28,"Esaki T. & Hashimoto S.",1931,"Report on the leaf-hoppers injurious to the rice plant and their natural enemies","Publications of the Entomological laboratory of the Kyushu Imperial University, 2: 39-52."
29,"Esaki T. & Hashimoto S.",1932,"Report on the leaf-hoppers injurious to the rice plant and their natural enemies","Publications of the Entomological laboratory of the Kyushu Imperial University, 3: 34-38."
30,"Esaki T. & Miyamoto S.",1965,"The Strepsiptera parasitic on Heteroptera","Proceedings of the International Congress of Entomology, 1: 375-381."
31,"Fox J. W.",1967,"Report of some Strepsiptera in the British Museum (Natural History) including new species of Halictophagidae and Elenchidae","Proceedings of the Royal Entomological Society of London (B), 36: 41-49."
32,"Fox J. W.",1967,"Liberian Strepsiptera in the Smithsonian collection with description of seven Myrmecolacidae","Proceedings of the United States National Museum, 124: 1-14."
33,"Fox J. W.",1968,"Strepsiptera from the Smithsonian Institution’s survey of Dominica with description of a new species of Elenchidae","Proceedings of the Entomological Society of Washington, 70: 238-242."
34,"Fox J. W. & Fox R. M.",1964,"A new species of Triozocera (Mengeidae: Strepsiptera) from Liberia, West Africa","Annals of the Entomological Society of America, 57: 402-405."
35,"Fox J. W. & Fox R. M.",1964,"A new genus and species of Stylopidae (Strepsiptera) from Liberia, West Africa","Annals of the Entomological Society of America, 6: 754-756."
36,"Frost S. W.",1964,"Insects taken in light traps at the Archibold Biological Station, Highlands County, Florida","Florida Entomologist, 47: 130-161."
37,"Gourlay E. S.",1953,"The Strepsiptera, an insect order new to New Zealand","New Zealand Entomologist, 5: 3-8."
40,"Grimaldi D., Kathirithamby J. & Schawaroch V.",2005,"Strepsiptera and triungula in Cretaceous amber","Insect Systematics and Evolution, 36: 1-20."
42,"Halbert N. R., Ross L. D., Kathirithamby J., Wolley J. B. & Johnston J. S.",2001,"Phylogenetic analysis as a means of species identification within Myrmecolacidae (Strepsiptera)","Tijdschrift voor Entomologie, 144: 179-186."
43,"Hirashima Y. & Kifune T.",1974,"Comments on Stichotrema a genus of stylops parasitic on Orthopteran insects","Konchu to Shizen, 9: 7-10."
44,"Hirashima Y. & Kifune T.",1974,"A new species of Strepsiptera parasitic on an Orthopteron from Okinawa, Japan (Studies on the Japanese Strepsiptera II)","Mushi, 47: 75-79."
45,"Hirashima Y. & Kifune T.",1978,"Strepsipterous parasites of Homoptera injurious to the rice plant in Sawawak, Borneo, with description of a new species(Notulae Strepsipterologicae-III)","Esakia, 11: 53-58."
46,"Hirashima Y. & Kifune T.",1985,"On the identity of Halictophagus munroei Hirashima et Kifune with H. bipunctatus Yang (Notulae Strepsipterologicae - XV)","Esakia, 23: 58-59."
47,"Hofeneder K.",1910,"Mengenilla n. g. Chobauti n. sp. Eine neue Strepsiptere aus Nordafrika","Bericht des Naturwissenschaftlich-Medizinischen Vereins in Innsbruck, 31: 33-57."
39,"Grote A. R.",1886,"Changes Triaena Menge preoccupied, to Mengea n. nov.","Canadian Entomologist, 18: 100-101."
16,"Brailovsky H.",1981,"Una nueva especie de Elenchus 1831 (Strepsiptera:Elenchidae) para México","Anales del Instituto de Biologia, Universidad National Autonoma de Mexico, series Zoologica, 51: 370-375."
17,"Brailovsky H. & Mayandon C. M.",1974,"Una nueva especie Mexicana de Triozocera Pierce (Strepsiptera Mengenidae)","Anales del Instituto de Biologia, Universidad National Autonoma de Mexico, series Zoologica, 45: 105-110."
38,"Green E. E.",1902,"A stylopid attracted by light","Entomologist's monthly Magazine, 13: 219."
20,"Chaudhuri P. K., Das Gupta S. K. & Chatterjee A. K.",1978,"Description of a new species of Parastylops (Strepsiptera, Stylopidae) from Arunchal Pradesh","Oriental Insects, 12: 387-389."
48,"Hofeneder K.",1910,"Stichotrema n.g. Dalla-Torreanum n.sp. Eine in einer Orthoptere lebende Strepsiptere","Zoologischer Anzeiger, 36: 47-49."
49,"Hofeneder K.",1920,"Stichotrema Dalla-Torreanum, mihi. Dalla-Torreanum mihi eine neue Strepsiptere aus einer Orthoptere","Senckenbergerische Naturforschende Gesellschaft, 36: 39-446."
50,"Hofeneder K.",1926,"Zwei neue Strepsipteren aus Marokko. II Teil","Bulletin de la Société des Sciences Naturelles du Maroc, 8: 195-211."
51,"Hofeneder K.",1927,"Eine neue Strepsiptere aus Sumatra","Treubia, 9: 376-380."
52,"Hofeneder K.",1928,"Eine Bemerkung über den Befruchtungsvorgang bei Strepsipteren","Arbeiten aus dem Zoologischen Institut der Universität Innsbruck, 3: 1-10."
53,"Hofeneder K.",1949,"Über einige Strepsipteren","Brotéria, 18: 109-122."
54,"Hofeneder K.",1949,"Über einige Strepsipteren","Brotéria, 18: 145-166."
56,"Hofmann P.",1965,"Dos especies nuevas de Strepsiptera en Chile","Agriculture Tecnica, 25: 35-39."
61,"Johnson V. & Morrison W. P.",1979,"North American distribution records for four species of Strepsiptera","Entomology News, 90: 252-255."
62,"Jones D., Williams M. L. & Jones G.",1980,"Records of Strepsiptera in Alabama","Journal of the Georgian Entomological Society, 15: 404-406."
63,"Kathirithamby J.",1989,"Review of the order Strepsiptera","Systematic Entomology, 14: 41-92."
64,"Kathirithamby J.",1990,"Descriptions of the Corioxenidae (Strepsiptera) from Australia, and a checklist of world genera and species of Corioxenidae","Invertebrate Taxonomy, 3: 469-81."
65,"Kathirithamby J.",1991,"Stichotrema robertsoni spec. n. Strepsiptera: (Myrmecolacidae): The first report of stylopization in minor workers of an ant (Pheidole sp. Hymenoptera: Formicidae)","Journal of Entomology of South Africa, 54: 9-15."
66,"Kathirithamby J.",1992,"Descriptions and biological notes of Halictophagidae (Strepsiptera) from Australia, with a checklist of the world genera and species","Invertebrate Taxonomy, 6: 159-196."
67,"Kathirithamby J.",1992,"Descriptions of Strepsiptera (Insecta) from South East Asia, with a checklist of the genera and species occurring in the region","Raffles Bulletin of Zoology, 41: 173-201."
69,"Kathirithamby J.",1993,"Descriptions of Strepsiptera (Insecta) from Southeast Asia, with a checklist of the genera and species occurring in the region","Raffles Bulletin of Zoology, 41: 173-201."
70,"Kathirithamby J.",1993,"Myrmecolacidae (Strepsipteraa) from Australia","Invertebrate Taxonomy, 7: 859-873."
71,"Kathirithamby J.",1994,"Additions to Strepsiptera (Insecta) from Southeast Asia","Raffles Bulletin of Zoology, 42: 551-554."
72,"Kathirithamby J.",1994,"Records and a checklist of Strepsiptera (Insecta) from Sri Lanka","Journal of South Asian Natural History, 1: 17-25."
73,"Kathirithamby J. & Grimaldi D.",1993,"Remarkable stasis in some Lower Tertiary parasitoids: descriptions, new records and review of Strepsiptera in the Oligo-Miocene amber of the Donomican Republic","Entomological Scandinavica, 24: 31-41."
74,"Kathirithamby J. & Hughes D. P.",2002,"Caenocholax fenyesi (Strepsiptera: Myrmecolacidae) parasitic in Camponotus planatus (Hymenoptera: Formicidae) in Mexico: is this the original host?","Annals of the Entomological Society of America, 95: 558-563."
75,"Kathirithamby J. & Johnston J. S.",1992,"Stylopization of Solenopsis invicta (Hymenoptera: Formicidae) by Caenocholax fenyesi (Strepsiptera:Myrmecolacidae) in Texas","Annals of the Entomological Society of America, 85: 293-297."
77,"Kathirithamby J. & Kifune T.",1991,"The first report of Myrmecolacidae (Strepsiptera: Insecta) from the Palaearctic Region","The Entomologist, 110: 188-192."
79,"Kathirithamby J. & Peck S. B.",1974,"Strepsiptera of south Florida and the Bahamas with the description of a new genus and new species of Corioxenidae","Canadian Entomologist, 126: 125-134."
81,"Kathirithamby J., Solulu T. & Caudwell R.",2001,"Descriptions of female Myrmecolacidae (Strepsiptera) parasitic in Orthoptera (Tettiginiidae) In Papua New Guinea","Tijdschrift voor Entomologie, 144: 187-196."
82,"Kathirithamby J. & Taylor S. J.",2005,"A New Species of Halictophagus (Insecta: Strepsiptera: Halictophagidae) from Texas, and a Checklist of Strepsiptera from the United States and Canada","Zootaxa, 1056: 1-18."
83,"Khalaf K. T.",1968,"The seasonal incidence of free Strepsiptera (Insecta) males in Southern Louisiana","American Naturalist, 80: 565-568."
84,"Kifune T.",1979,"New localities of Caenocholax fenyesi Pierce 1909 (Strepsiptera: Myrmecolacidae)","Kontyû, Tokyo, 47: 411."
85,"Kifune T.",1981,"Records of the Strepsiptera from West Malaysia, with descriptions of a new genus Malayaxenos and five new species (Notulae Strepsipterologicae-VII)","Kontyû, Tokyo, 42: 322-333."
87,"Kifune T.",1983,"A new Stichotrema from Thailand (Strepsiptera: Myrmecolacidae) (Notulae Strespipterologicae VIII)","Kontyû, Tokyo, 51: 83-89."
89,"Kifune T.",1986,"Notes on Strepsiptera (VII)","Transactions of the Essa Entomological Society (Niigata), 63: 47-59."
90,"Kifune T.",1986,"A new Halictophagus (Strepsiptera, Halictophagidae) parasitic on the genus Stenocranus (Homoptera, Delphacidae) in Japan (Studies on the Japanese Strepsiptera XI)","Kontyû, Tokyo, 54: 495-497."
91,"Kifune T.",1987,"Myrmecolacidae (Strepsiptera) of Nigeria, with descriptions of two new species (Notulae Strepsipterologicae-XIX)","Kontyû, Tokyo, 55: 502-508."
94,"Kifune T. & Brailovsky H.",1987,"Two new species of the Mexican Strepsiptera in the collection of the Instituto de Biologia, Universidad Nacional Autonoma de Mexico (Noyulae Strepsipterologicae-XVIII)","Kontyû, Tokyo, 55: 132-138."
93,"Kifune T.",1995,"Discovery of the genus Triozocera (Strepsiptera, Corioxenidae) from Halmahera Island, Indonesia","Japanese Journal of Entomology, 63: 388."
58,"Alluaud C.",1913,"Voyage de Charles Alluaud et R. Jeannel en Afrique Orientale (1911-1912)","1-8 Schulz, Paris (France)."
59,"Jeannel R.",1913,"Strepsiptera","In:  Alluaud C. 1913 -  Voyage de Charles Alluaud et R. Jeannel en Afrique Orientale (1911-1912), 1-8. Schulz, Paris(France)."
76,"Kathirithamby J. & Johnston J. S.",2004,"The discovery after 94 years of the elusive female of a myrmecolacid (Strepsiptera), and the cryptic species of Caenocholax fenyesi Peirce sensu lato","Proceedings of the Royal Entomological Society of London (B), 271: 55-58."
92,"Kifune T.",1991,"Localidades nuevas para el genero Triozocera en Mexico (Strepsiptera:Corioxenidae)","Anales del Instituto de Biologia, Universidad National Autonoma de Mexico, series Zoologica, 62: 527."
68,"Kathirithamby J.",1993,"Elenchus japonicus (Strepsiptera: Elenchidae), a parasitoid of the rice planthoppers Nilaparvata lugens (Stål) and Sogatella furcifera (Horváth) in Southeast Asia. In: Proceedings of the 8th International Auchenorrhyncha Congress, Delphi, Greece, 9th-13th August","1: 64 pp."
95,"Kifune T. & Brailovsky H.",1988,"Consideracion sinoptica de los Estrepsipteros Mexicanos y un prospecto a investigaciones futuras","Anales del Instituto de Biologia, Universidad National Autonoma de Mexico, series Zoologica, 58(1987): 221-230."
97,"Kifune T. & Hirashima Y.",1975,"A new species of the genus Elenchus from Thailand (Strepsiptera: Elenchidae) (Notulae Strepsipterologicae -II)","Mushi, 48: 145-148."
98,"Kifune T. & Hirashima Y.",1978,"A new species of the genus Halictophagus from Iriomote Island, Okinawa, Japan (Srepsiptera: Halictophagidae) Studies on the Japanese Strepsiptera IV)","Esakia, 11: 59-61."
99,"Kifune T. & Hirashima Y.",1979,"Two new species of Strepsiptera from Thailand (Notulae Strepsipterologicae - IV)","Esakia, 14: 61-71."
100,"Kifune T. & Hirashima Y.",1980,"Records of the Strepsiptera of Sri Lanka in the collection of the Smithsonian Institution with descriptions of seven new species","Esakia, 15: 143-159."
101,"Kifune T. & Hirashima Y.",1983,"A new species of the genus Halictophagus from Thailand (Strepsiptera, Halictophagidae) (Notulae Strepsipterologica XII)","Esakia, 20: 167-169."
102,"Kifune T. & Hirashima Y.",1983,"Records of the Strepsiptera from Australia and Sri Lanka In the collection of the Smithsonian Institution, with descriptions of four new species (Notulae Strepsipterologicae XI)","Esakia, 20: 157-165."
103,"Kifune T. & Hirashima Y.",1984,"Synopsis of the genus Halictophagus (Strepsiptera: Halictophagidae) of Japan with description of a new species","Esakia, 22: 77-85."
104,"Kifune T. & Hirashima Y.",1989,"Taxonomic studies on the Strepsiptera in the collection of the Bishop Museum (Notulae-Strepsipterologicae-XX)","Esakia, 28: 11-48."
106,"Grzimek B.",1969,"Grzimeks Tierleben","2: 627 pp. dtv, München (Germany)."
108,"Kinzelbach R. K.",1969,"Bohartillidae, eine neue Familie der Facherflügler (Insecta, Strepsiptera)","Beitr. neotrop. Fauna, 6: 92-102."
109,"Kinzelbach R. K.",1970,"Die männlichen Imagines der Mengenillidae und Mengenilla kaszabi n. sp. Ergebnisse der zoologischen Forschungen von Dr. Z. Kaszab in der Mongolei","Reichenbachia, 12: 217-247."
110,"Kinzelbach R. K.",1970,"Loania canadensis n. gen. n. sp. und die Untergliederung der Callipharixenidae","Senckenbergiana Biologica, 51: 99-107."
111,"Kinzelbach R. K.",1971,"Strepsiptera (Fächerflügler). Handbuch der Zoologie. IV. Band: Arthropoda, Insecta","2: 81 pp."
113,"Kinzelbach R. K.",1971,"Halictophagus helleri n. sp. von Ceylon","Stuttgarter Beiträge zur Naturkunde, 230: 1-8."
114,"Kinzelbach R. K.",1971,"Die Fächerflügler des Senckenberg - Museums I. Myrmecolacidae und Stylopidae (Insecta Strepsiptera)","Senckenbergiana Biologica, 52: 263-292."
115,"Kinzelbach R. K.",1972,"Halictophagus (Indoxenos) scheveni n.sp. (Insecta: Strepsiptera) aus Anchon limbatum Schmidt (Insecta: Auchenorrhyncha: Membracidae)","Stuttgarter Beiträge zur Naturkunde, 235: 1-6."
116,"Kinzelbach R. K.",1972,"Die Fächerflügler des Senckenberg-Museums. II. Mengenillidae (Insecta: Strepsiptera)","Senckenbergiana Biologica, 53: 403-409."
117,"Kinzelbach R. K.",1979,"Insects of Saudi Arabia","Fauna of Saudi Arabia, 1: 331-333."
118,"Kinzelbach R. K.",1979,"Das erste neotropische Fossil der Fächerflügler (Stuttgarter Bernsteinsammlung: Insecta, Strepsiptera)","Stuttgarter Beiträge zur Naturkunde, Serie B (Geologie und Paläontologie), 52: 1-14."
119,"Kinzelbach R. K.",1980,"Insects of Saudi Arabia Strepsiptera (2 Beitrag)","Fauna of Saudi Arabia, 2: 159-163."
120,"Kinzelbach R. K.",1983,"Fächerflügler aus dem dominikanischen Bernstein (Insecta: Strepsiptera: Myrmecolacidae)","Verh. naturwiss. Ver. Hamburg (N.F.), 26: 29-36."
121,"Kinzelbach R. K. & Lutz H.",1985,"Stylopid larva from the Eocene - a spotlight on the phylogeny of the Stylopids (Strepsiptera)","Annals of the Entomological Society of America, 78: 600-104."
122,"Kinzelbach R. K. & Pohl H.",1993,"The fossil Strepsiptera (Insecta Strepsiptera)","Annals of the Entomological Society of America, 87: 59-70."
123,"Kirby W.",1813,"VI. Strepsiptera, a new order of insects proposed: and the characters of the order, with those of its genera laid down","Transactions of the Linnean Society of London, 11: 86-123."
124,"Kirby W.",1815,"XXI. Addendum to Strepsiptera (p. 86)","Transactions of the Linnean Society of London, 11: 233-234."
125,"Kirkpatrick T. W.",1937,"Studies on the ecology of the coffee plantations in East Africa II. The autocology of Antestia spp. (Pentatomidae) with a particular account of a strepsipterous parasite","Transactions of the Royal Entomological Society of London, 86: 248-341."
127,"Kogan M.",1964,"Synonymical notes on Strepsiptera","Studia Entomologica, 8: 441-444."
128,"Kogan M. & Oliveira S. J.",1964,"New Guinean (Mengeidae) Corioxenidae and Myrmecolacidae of the American Museum of Natural History (Strepsiptera)","Studia Entomologica, 7: 459-469."
129,"Kulicka R.",1979,"Menge mengei sp. n. from the Baltic amber","Prace Muzeum Ziemi PAN, 32: 109-112."
131,"Lindberg H.",1939,"Der Parasitismus der auf Chloriona-Arten (Homoptera, Cicadina) lebenden Strepsiptere Elenchinus chlorionae n. sp. sowie die Einwirkung derselben auf ihren Wirt","Acta Zoologica Fennica, 22: 1-179."
132,"Luna de Carvalho E.",1953,"Contribuição para o conhecimento dos Estrepsípteros de Portugal. (III Nota)","Memórias e Estudos do Museu Zoológico da Universidade de Coimbra, 215: 5-13."
133,"Luna de Carvalho E.",1956,"Primeira contribuição para o Estudo dos Estresípteros angolensis (Insecta, Strespiptera)","Publicaçõs Culturais da Companhia de Diamantes de Angola, 29: 11-54."
134,"Luna de Carvalho E.",1959,"Segunda contribuição para o Estudo dos Estresípteros Angolensis (Insecta Strepsiptera)","Publicaçõs Culturais da Companhia de Diamantes de Angola, 41: 125-154."
135,"Luna de Carvalho E.",1967,"Terceira contribuição para o estudo dos Estrepsípteros angolensis (Insecta:Strepsiptera)","Publicaçõs Culturais da Companhia de Diamantes de Angola, 77: 17-56."
136,"Luna de Carvalho E.",1972,"A first contribution to the study of the Strepsiptera from Nigeria","Entomological Society of Nigeria Publication, 9: 1-18."
137,"Luna de Carvalho E.",1972,"Quarta contribuição para estudo dos Estrepsípteros angolensis (Insecta :Strepsiptera)","Publicaçõs Culturais da Companhia de Diamantes de Angola, 84: 109-150."
138,"Luna de Carvalho E.",1972,"Algumas considerações sobre Mirmecolacideos da nova Guiné (Insecta:Strepsiptera)","Ciência Biologica, Ecologia e Sistematica (Portugal), 1: 1-6."
139,"Luna de Carvalho E.",1973,"Entomological explorations in Ghana by Dr. S. Endrody -Younga 17. Strepsiptera","Folia Entomologica Hungracia Rovartani Kozlemenyek, 26: 19-55."
140,"Luna de Carvalho E.",1973,"Estudo sobre o “Mantidoxenos argentinus” (Myrmecolax ogloblini) nom. nov. (Insecta, Strepsiptera, Myrmecolacidae)","Ciência Biológica (Portugal), 1: 51-56."
141,"Luna de Carvalho E.",1978,"Contribution a l'etude des Stresipteres du Brésil","Revue Suisse de Zoologie, 85: 353-360."
142,"Luna de Carvalho E.",1978,"African Strepsiptera","Gracia de Orta, Ser Zoologia, 7: 41-106."
143,"Luna de Carvalho E.",1985,"Estrepsipteros da Macaronesia (Insecta Strepsiptera)","Boletin da Socidade Portuguesa de Entolologia Sup., 1: 63-73."
144,"Maes J.-M. & Kathirithamby J.",1993,"Primer reporte del orden Strepsiptera en Nicaragua","Revista Nicaraguense Entomologica, 24: 51-53."
145,"Medows K. E.",1967,"Distribution of two Strepsiptera in Florida, 1960-62","Florida Entomologist, 50: 137-138."
112,"Kinzelbach R. K.",1971,"Morphologische Befunde an Fächerflüglern und ihre phylogenetische Bedeutung (Insecta, Strepsiptera)","119: 256 pp. Zoologica, Stuttgart (Germany)."
107,"Kinzelbach R. K.",1969,"Ordnung Fächerflügler","In:  Grzimek B. 1969 -  Grzimeks Tierleben, 2. dtv, München(Germany). p. 3-285."
130,"Lea A. M.",1910,"On a new genus of Stylopidae from Australia","Transactions of the Royal Entomological Society of London, 1910: 514-516."
146,"Medvedev L. N.",1970,"A family of Strepsiptera previously unknown from the USSR and new species from south-east Kazakhastan","Review of Entomology USSR, 49: 199-202."
147,"de Meijere J. C. H.",1908,"Zwei Strepsipteren aus Java","Tijdschrift voor Entomologie, 51: 185-190."
148,"Melber A. & Pohl H.",1997,"Erster Nachweis einer Strepsipterenparasitierung bei Wanzen in Mitteleuropa (Insecta, Strepsiptera et Heteroptera)","Bonner Zoologiche Beiträge, 47: 69-76."
149,"Menge A.",1866,"Über ein Rhipidopteron und einige Helminthen im Bernstein","Schriften der Naturforschenden Gesellschaft in Danzig, 2: 1-8."
150,"Miyamoto S.",1960,"A new Strepsipteron from Shansi, North China, Mengenilla sinensis Miyamoto","Mushi, 33: 37-39."
151,"Miyamoto S. & Kifune T.",1984,"Descriptions of new genus and two new species of the Strepsiptera parasitic on Japanese Heteroptera (Strepsiptera:Corioxenidae) (Studies on the Japanese Strepsiptera VII)","Kontyû, Tokyo, 52: 137-149."
152,"O’Connor B. A.",1959,"The coconout treehopper, Sexava sp. and its parasites in the Madang District","Papua New Guinea Agricultural Journal, 11: 121-125."
153,"Ogloblin A. A.",1925,"Strepsiptera sbirek entomologickeho oddeleni narodniho Musea v Praze. The Strepsiptera of the collections of the entomological department of the National Museum in Prague","Acta Entomologica Musei Nationalis Prague, 3: 171-175."
154,"Ogloblin A. A.",1926,"Nova Strepsiptera sbirek Natrodniho Musea V Praze (The new Strepsiptera of the collections of the National Museum, Prague)","Acta Entomologica Musei Nationalis Prague, 4: 138-143."
155,"Ogloblin A. A.",1939,"The Strepsiptera parasites of ants","Verhandlungen des Kongress für Entomologie, Berlin, 2(1938): 1277-1284."
158,"Pasteels J. J.",1958,"Some Strepsiptera from Pretoria","Journal of Entomology of South Africa, 21: 296-299."
159,"Paulian R.",1959,"Recherches sur les insects d’importance biologique à Madagascar (XXIX à XXXIII). - XXIX. Découverte de l’ordre des Strepsiptères à Madagascar","Mémories de l'Institut Scientifique de Madagascar (Série E), 11: 1-16."
160,"Perkins R. C. L.",1905,"Leafhoppers and their natural enemies (Pt. III Stylopidae)","Report of Work of the Experimental Station, Hawaiian Sugar Planters Association, 1: 91-109."
161,"Perkins R. C. L.",1910,"Strepsiptera","Fauna Hawaiiensis, 3: 667."
163,"Pierce W. D.",1908,"A preliminary review of the classification of the order Strepsiptera","Proceedings of the Entomological Society of Washington, 9: 75-85."
164,"Pierce W. D.",1909,"A monographic revision of the twisted winged insects comprising the order Strepsiptera Kirby","Bulletin of the United States National Museum, 66: 1-232."
165,"Pierce W. D.",1911,"Notes on insects of the order Strepsiptera with descriptions of a new species","Proceedings of the United States National Museum, 40: 487-511."
166,"Pierce W. D.",1911,"Strepsiptera","Genera Insectorum, 9(121): 1-54."
167,"Pierce W. D.",1914,"Description of two new species of Strepsiptera parasitic on sugar cane insects","Proceedings of the Entomological Society of Washington, 16: 126-129."
168,"Pierce W. D.",1918,"The comparative morphology of the order Strepsiptera together with records and descriptions of insects","Proceedings of the United States National Museum, 54: 391-501."
169,"Pierce W. D.",1952,"A new strepsipterous parasite of Membracidae","Bulletin of the South Californian Academy of Sciences, 51: 4-8."
170,"Pierce W. D.",1961,"A new genus and species of Strepsiptera parasitic on a leafhopper vector of a virus disease of rice and other Gramineae","Annals of the Entomological Society of America, 54: 467-474."
171,"Pohl H., Beutel R. G. & Kinzelbach R. K.",2005,"Protoxenidae fam. nov. (Insecta, Strepsiptera) from Baltic amber - a ‘missing link’ in Strepsipteran phylogeny","Zoologica Scripta, 34: 57-69."
172,"Pohl H., Kathbeh-Bader A. & Schneider W.",1996,"Description of a new genus and two new species of Corioxenidae from Jordan (Insecta:Strepsiptera)","Zoology of the Middle East, 13: 107-119."
173,"Pohl H. & Kinzelbach R. K.",1994,"Neufunde von Fächerflüglern aus dem Baltischen und Dominikansichen Berstein (Strepsiptera: Bohartillidae & Myrmecolacidae)","Mitteilungen des Geologisch-Paläontologischen Instituts und Museum der Universität Hamburg, 78: 107-209."
174,"Pohl H. & Kinzelbach R. K.",2001,"First record of a female stylopid (Strepsiptera: ?Myrmecolacidae) parasite of a prionomyrmecine ant (Hymenoptera: Formicidae) in Baltic amber","Insect Systematics and Evolution, 32: 143-146."
175,"Pohl H. & Melber A.",1996,"Verzeichnis der mitteleuropäischen Fächerflügler und die Beschreibung einer neuen Art der Gattung Malayaxenos Kifune 1981","Senckenbergiana Biologica, 75: 171-180."
176,"Remes-Lenicov A. M. M.",1970,"Un nuevo Estrepsíptero de Argentina, parásito de Membrácidos","Revista de la Sociedad Entomologica Argentina, 32: 35-41."
178,"Saunders S. S.",1872,"Stylopidarum, ordinem Strepsipterorum Kirbii constituentium, mihi tamen potius Coleopterorum Familtae, Rhipiphoridis Meloidisque propinquae, Monographia","Transactions of the Royal Entomological Society of London, 1872: 1-48."
181,"Silvestri F.",1940,"Descrizione perliminare di una specie nuova de “Mengenilla” (M. spinulosa, Insecta Strepsiptera) della Sicilla e notizie sul suo ciclo e sul particolare modo di fecondazione. Rendiconti","Accademia della R. Italia. Classe di Scienze, Fisiche, Mathematiche e Naturali, 7: 614-618."
182,"Silvestri F.",1941,"Notizie, specialmente corologicje e biologiche, sulle specie di “Mengenilla” (Insecta Strepsiptera) finora trovate in Italia","Acta Pontificia Academia Scientarum, 5: 57-65."
183,"Subramaniam T. V.",1922,"Some natural enemies of mango leaf-hoppers (Idiocerus spp.) in India","Bulletin of Entomological Research, 12: 465-467."
185,"Subramaniam T. V.",1932,"On a new genus and specie of Strepsiptera","Records of the Indian Museum, 34: 43-46."
186,"Ulrich W.",1930,"Ordnung: Fächerflügler, Strepsiptera Kirby (1831)","Die Tierwelt Mitteleuropas. Ins., 2: 1-26."
187,"Van Ryn-Tournel J.",1971,"Desription d’un Strepsiptére nouveau recueilli en République Démocratique des Congo, premier représentant de la famille des Mengeidae","Revue de Zoologie et de Botanique Africaines, 83: 21-30."
188,"Waloff N.",1981,"The life history and descriptions of Halictophagus silwoodensis sp. n. (Strepsiptera) and its host Ulopa reticualata (Cicadellidae) in Britain","Systematic Entomology, 6: 103-113."
191,"Westwood J. O.",1877,"IX. Notes upon a strepsipterous insect parasitic on exotic species of Homoptera","Transactions of the Linnean Society of London, 3: 185-186."
192,"Yang C.-K.",1955,"Descriptions of a new species of Strepsiptera parasitic on the rice leafhoppers","Acta entomologica Sinica, 5: 327-333."
193,"Yang C.-K.",1964,"Notes on the genus Halictophagus of China (Strepsiptera: Halictophagidae)","Acta Zootaxonomica Sinica, 1: 76-81."
194,"Yang C.-K.",1964,"Notes on the new subfamily Tridactylophaginae (Strepsiptera: Halictophagidae)","Acta Entomologica Sinica, 13: 607-613."
162,"Peyerimhoff P.",1919,"Un nouveau type d’Insectes Strepsiptères","Bulletin de la Societe Entomologique de France, 1919: 162-173."
190,"Westwood J. O.",1861,"Notice on the occurrence of a Strespipterous insect parasite in ants discovered in Ceylon by Herr Nietner (Mit Brief von J. Neitner)","Transactions of the Royal Entomological Society of London, 5: 418-420."
179,"Silvestri F.",1933,"Descrizione della femma e del maschio di una nuova specie de Mengenilla Hofeneder (Strepsiptera)","Bollettino del Laboratorio di Zoologia Generale e Agraria della R. Scuola Superiore Agrario in Portici, 28: 1-10."
177,"Riek E. F.",1975,"A new Strepsipteran from Natal (Insecta: Halictophagidae)","Annals of the Natal Museum, 22: 465-469."
156,"Oliveira S. J. & Kogan M.",1959,"Contribution to the knowledge of the Brazilian Strepsiptera (Insecta)","Memórias do Instituto Oswaldo Cruz, 57: 219-233."
189,"Westwood J. O.",1939,"XXXVI. Descriptions of a new strepsipterous insect recently discovered in the island of Mauritius","Transactions of the Royal Entomological Society of London, 1: 173-174."
2,"Abdul-Nour H.",1970,"Les Strepsiptères parasites d’Homoptères dans le Sud de la France. Description d’une nouvelle espèce: Halcitophagus agalliae n. sp.","Annales de Zoologie - Écologie Animale, 2: 339-344."
41,"Günther V.",1949,"Strepsiptera from Trinidad. B. W. I.","Acta Societatis Entomologicae Bohemiae (Cechoslovenicae), 46: 47-50."
57,"Honda M.",1977,"Notes on Stichotrema asahinai Hirashima et Kifune, a strespsipteron parasitic on a long-horned grasshopper, Mecapoda elongata L.","Kontyû, Tokyo, 45: 526-530."
184,"Subramaniam T. V.",1927,"A new genus and species of the Strepsiptera from South India, Indoxenos membraciphaga gen. and sp. nov.","Transactions of the Royal Entomological Society of London, 75: 131-135."
196,"Bravo F., Pohl H., Silva-Neto A. & Beutel R. G.",2009,"Bahiaxenidae, a "living fossil" and a new family of Strepsiptera (Hexapoda) discovered in Brazil","Cladistics, 25(6): 614-623."
198,"Bechet I.",1972,"Tridactylophagus tartari, une nouvelle espece de Strepsipteres (Insecta, Strepsiptera)","Studia Universitayis Babes-Bolyai, Series Biol., 17: 99-101."
199,"Beneden P. J.",1875,"Les Commensaux st les Parasites dans le règne animal. Übersetzung: Die Schmarotzer des Tierreichs","Internationale Wissenschaftliche Bibliothek, 18: 1-274."
200,"Bohart R. M.",1943,"A new generic name in Strepsiptera and descriptions of a new species (Strepsiptera, Stylopidae)","Bulletin of the Brooklyn Entomological Society, 38: 12-13."
201,"Bohart R. M.",1946,"A new species of Halictophagus parasitic on Cercopidae (Strepsiptera, Halictophagidae)","Proceedings of the Entomological Society of Washington, 48: 200-202."
203,"Brèthes J.",1923,"Primera contribución de los “Strepsiptera” Argentinos","Revista de la Faculta de Agri Universidad Nac, 15: 41-56."
204,"Brues C. T.",1903,"A contribution to our knowledge of the Stylopidae","Zool. Jb. (Anat. Ontog), 18: 241-270."
208,"Cook J.",2007,"Review of the genus Mengenilla Hofeneder 1910 (Strepsiptera: Mengenillidae), with description of a new species from Madagascar","Proceedings of the Entomological Society of Washington, 109: 223-239."
209,"Cook J. & Mathison B.",1997,"A new species of Xenos from Arizona, with discussion of other North American species (Strepsiptera: Stylopidae)","Entomology News, 108: 245-252."
211,"Dufour L.",1837,"Recherches sur quelques entozoaires et larves parasites des insects Orthoptères et Hymenoptères","Ann. Sci. Nat., 7: 5-20."
212,"Esaki T.",1931,"An undescribed strepsipteran from Japan","Mushi, 4: 64-65."
213,"Griffith E.",1832,"Stylops childreni Gray, The Animal Kingdom arranged in conformity with its organization by the Baron Cuvier","Insects, 2: 684."
216,"Hofeneder K.",1923,"Stylops in copula","Verhandlungen der Zoologische-Botanischen Gesellschaft, 73: 128-134."
217,"Hofeneder K.",1924,"Wissenschaftliche Ergebnisse der 2. Expedition nach dem Anglo-ägyptischen Sudan 1914. XVI","Hymenoptera. I. Anhang: Strepsiptera. Denkschr. Ak. Wiss. Wien. Math.-naturw. Kl, 99: 254."
220,"Hoffmann R. W.",1914,"Über eigenartige Mißbildungen an Strepsipteren-Triguliniformen, sowie Diagnose einer neuen Srepsipteren-Art","Zoologischer Anzeiger, 45: 99-106."
221,"Johnson V.",1973,"The female and host of Triozocera mexicana (Strepsiotera: Mengenidae)","Annals of the Entomological Society of America, 66: 671-672."
222,"Johnson V.",1976,"A new genus and species of Strepsiptera from Southeastern United States","Journal of the Kansas Entomological Society, 49: 580-582."
224,"Kathirithamby J., Hayward A., McMahon D. P., Andreazze R., Tadeu de Almeida Andrade H., Ferreira R. S. & Fresneau D.",2010,"Conspecifics of a sexually dimorphic, heterotrophic heteronomous species of Strepsiptera (Insecta) are matched by molecular characterization","Systematic Entomology, 35: 234-242."
226,"Kathirithamby J. & Kifune T.",1994,"Strepsiptera (Insecta) parasitizing Blatta pallidiola (Shirki) (Blattodea) from Japan","The Entomologist, 113(3): 217-219."
231,"Kifune T.",1983,"A new species of the genus Halictophagus from Thailand, with a proposition of a new subgenus Allohalictophagus  (Strepsiptera: Halictophagidae) (Notulae  Strepsipterologicae-IX)","Kontyû, Tokyo, 51: 165-168."
232,"Kifune T.",1983,"Discovery of Myrmecolax rossi Bohart, 1951 from North Sumatra, Indonesia (Strepsiptera, Myrmecolacidae)","Kontyû, Tokyo, 51: 308."
233,"Kifune T.",1984,"A new species of the genus Paraxenos (Strepsiptera, Stylopidae) from Palawan, the Philippines","Bulletin of the National Science Museum, Series A, 10: 87-90."
235,"Kifune T.",1991,"Descriptions of four new species of the genus Halictoxenos (Strepsiptera, Stylopidae) from japan","Japanese Journal of Entomology, 59: 367-374."
236,"Kifune T. & Hirashima Y.",1985,"Nine new species of the genus Stylops (Strepsiptera: Stylopidae) paraaitic on the genus Andrena (Hymenoptera: Andrenidae) of Japan","Esakia, 23: 45-57."
237,"Kifune T., Hirashima Y. & Maeta Y.",1982,"Four new species of the genus Halictoxenos Pierce from Japan (Strepsiptera, Stylopide)","Esakia, 19: 151-160."
239,"Kifune T. & Maeta Y.",1965,"A tentative list of the Strepsiptera. Part I. The genus Pseudoxenos Saunders 1872 (Stylopidae) (Notulae Strepsipterologicae-I)","Tohoku Konchû Kenkyu, 2: 10."
218,"Hofeneder K.",1926,"Zwei neue Strepsipteren aus Marokko Teil I.","Bulletin de la Société des Sciences Naturelles du Maroc, 6: 56-64."
202,"Borchert H.-M.",1971,"Benennung unseres Beliner Stylops aus Sandbiene Andrena vaga Pz. Stylops mulleri sp. n. (Insecta, Strepsiptera)","Sber. Ges. Naturf. Freunde NF, 1: 18-27."
205,"du Buysson R.",1903,"Note pour servier à l’histoire des Strepsiptères","Bulletin de la Societe Entomologique de France, 72: 174-175."
197,"Abdul-Nour H.",2001,"Les Stepsiptères du Liban : invetaire raisonné et description d’Halictophagus macrostelesi n. sp. (Strepsiptera, Halicttophagidae)","Bulletin de la Societe Entomologique de France, 106: 39-42."
223,"Kathirithamby J.",1989,"Descriptions and biological notes of the Australian Elenchidae (Strepsiptera)","Invertebrate Taxonomy, 3(2): 175-195."
229,"Kifune T.",1979,"A new species of the genus Xenos from Peru (Strepsiptera: Stylopidae)","Kontyû, Tokyo, 47: 408-411."
214,"Günther V. & Šedivi J.",1957,"Rád Rasnokřidli-Strepsiptera-In J. Kratochvil: kli SR. - Dil","2: 407-417."
219,"Hofeneder K.",1939,"Ǜber zwei neue Strepsipteren aus Andrena similis F. Smith und Halictus malachurus Kirby","Veröff. Dt. Kolon. -u. Übersee-Mus. Bremen, 2: 181-200."
157,"Pasteels J. J.",1956,"Enquetes sur les Stresipteres. IX.","Bulletin de la Societe Entomologique de Belgique, 92(5): 109-11."
225,"Kathirithamby J. & Hughes D. P.",2006,"Descriptions and biological notes of the first species of Xenos (Strepsiptera: Stylopidae) parasitic in Polistes carnifex F. (Hymenoptera: Vespidae) in Mexico","Zootaxa, 1104: 35-45."
227,"Kathirithamby J. & Mayo-Raygoza G.",2000,"Halictophagus naulti sp. nov. Strepsiptera Halictophagidae), a new species parasitic in the corn leafhopper Dalbulub maidis (Homoptera: Cicadellidae) from Mexico","Annals of the Entomological Society of America, 93: 1039-1044."
210,"Curtis J.",1828,"Stylops Dalii [mitt. Mitt. Von J. Ch Dale]","British Entomology, 5: 195-241."
238,"Kifune T. & Hirashima Y.",1987,"Three new species of the genus Paraxenos (Strepsiptera: Stylopidae) parasitic in Bembix (Hymenoptera: Sphecidae) of Sri Lanka and Australia in the collection of the Smithsonian Institution (Notulae Strepsipterologicae-XVII)","Esakia, 25: 155-160."
55,"Hofeneder K. & Fulmek L.",1942,"Verzeichnis der Strepsiptera und ihrer Wirte","Arbeiten über Physiologische u. Angewandte Entomologie Berlin-Dahlem, 9(3): 179-185."
243,"Kifune T. & Maeta Y.",1990,"Ten new species of the genus Stylops (Strepsiptera, Stylopidae) parasitic on the genus Andrena (Hymenoptera, Andrenidae) of Japan","Easkia, Special Issue, 1: 97-110."
245,"Kifune T. & Yamane S.",1992,"A new Pseudoxenos (Strepsiptera, Stylopidae) parasitic on Stenodynerus rufomaculatus (Hymenoptera, Eumenidae) in Japan (Studies on the Japanese Strepsiptera XV)","Japanese Journal of Entomology, 60: 343-345."
246,"Kinzelbach R. K.",1967,"Stylops risleri  n. sp. von Teneriffa (Stylopidae, Strepisptera)","Notulae Entomologicae, 48: 37-43."
249,"Kinzelbach R. K.",1971,"Redeskription und revision der Strepsipteren-Gattung Hylecthrus Saunders, 1850","Angewandte Parasitologie, 12: 204-219."
252,"Kirby W.",1802,"Monographia","Apium Angliae, 1: 257-258."
254,"Kogan M. & Oliveira S. J.",1966,"Brazilian Xenidae parasitizing “Polybia” wasps, with the description of a new genus and six new species (Insecta, Strepsiptera)","Revista Brasileira de Biologia, 26: 345-360."
256,"Leach W. E.",1815,"On the Rhipiptèrea of Latreille","Zoologica Misc. Lond., 3: 133-136."
258,"Luna de Carvalho E.",1969,"Contribuição para conhecimento dos Estrepsipteros do Portugal (V nota)","Memórias e Estudos do Museu Zoológico da Universidade de Coimbra, 309: 1-13."
259,"Luna de Carvalho E.",1974,"Contribuição para o estudo dos Stylops da peninsula iberica (Streps. Stylopidae)","EOS, Rev. Esp. Entomol., 48(1972): 301-365."
260,"Luna de Carvalho E.",1974,"A new species of Strepsiptera from Kenya","Journal of Entomology, 43: 33-35."
261,"Monod TH.",1925,"Sur un Pseduxenos parasite d’Odynerus crenatus Lepeletier","Bulletin of the Society of Zoology, 50: 230-244."
263,"Newport G.",1851,"On the natural history, anatomy and development of the oilbeetle (Meloe), more especially of Meloe cicatricosus of Leach. 3 Memoirs","Transactions of the Linnean Society of London, 20: 297-357."
264,"Noskiewicz J. & Poluszynski G.",1924,"Nowe gatunki wachlarzoskrzydlych z rodzaju Halictoxenos Pierce","Polskie Pismo Entomologicazne, 3: 182-188."
265,"Noskiewicz J. & Poluszynski G.",1928,"Embryologische Untersuchungen an Strepsipteren. I. Teil. Embtyogenesis der Gattung Stylops Kirby","Bull. Acad. Pol. Sci., Sci. Math.-nat. Ser. B, 1927: 1093-1227."
268,"Oliveira S. J. & Kogan M.",1960,"New records about Brazilian Strepsiptera","Memórias do Instituto Oswaldo Cruz, 58: 183-187."
272,"Pasteels J. J.",1950,"Sur des Strepsiptères du Congo belge","Revista Zoologia Botan Afr., 43: 281-291."
275,"Pasteels J. J.",1954,"Enquêtes sur les Strepsiptères (4e Série)","Bulletin de la Societe Entomologique de Belgique, 90: 349-355."
276,"Pasteels J. J.",1957,"Xenos stuckenbergi, espèce nouvelle d’ afrique australe ( Strepsiptera, Stylopidae)","Annals of the Natal Museum, 13: 441-443."
277,"Perkins R. C. L.",1918,"Synopsis of British Strepsiptera of the genus Stylops and Halictoxenus","Entomologist's monthly Magazine, 54: 67-76."
279,"Pierce W. D.",1904,"Some hypermetamorphic beetles and their hymenopterous hosts","Studies of the University of Nebraska, 4: 153-190."
280,"Pierce W. D.",1941,"Contributions from the Los Angeles Museum-Channel Islands Biological Survey. 18. A Strepsipterous parasite of a Leaf Hopper, with descriptions of a related species from the same host genus","Bulletin of the South Californian Academy of Sciences, 40: 1-10."
281,"Pohl H. & Kinzelbach R. K.",1995,"A new species of Halictoxenos Pierce (Strepsiptera: Stylopidia: stylopidae) from South Africa","African Entomology, 1: 73-76."
282,"Reeves W. A. & Cook J.",2005,"First record of Triozocera vernalis Kifune and Brailovsky (Strepsiptera: Corioxenidae) from the United States, with additional records for Strepsiptera in South Carolina","Entomological News, 116: 191-192."
283,"Rossius P.",1793,"Obserbatuon de M. Roaai sur un nouveau genre d’Insecte, voisin de Ichneumenos","Bulletin de la Societe Philomatique, 1: 49."
287,"Schkaff B.",1925,"Description of a new species of Stylops (Strepsiptera)","Bulletin de la Societe Entomologique de France, 50: 139-140."
215,"Hirashima Y. & Kifune T.",1962," Title unknown","Kontyû, Tokyo, 30: 175."
288,"Schultze W.",1925,"Macroxenos piercei (Order Strepsiptera), a New genus and species of wasp parasites of the Philippine Islands","Phillippine Journal of Science, 27: 235-241."
290,"Silvestri F.",1939,"Strepsipterum species nova ex Congo Belgico","Bulletin du Muée Royal d’Histoire Naturelle de Belgique, 15: 1-4."
248,"Kinzelbach R. K.",1970,"Ein neues Strepsipteron aus den Atlasländern, Crawfordia warnckei n. sp.","Mitteilungen der Deutschen Entomologischen Gesellschaft, 29: 29-31."
271,"Pasteels J. J.",1949,"Enquêtes sur les Strepsiptères (1e Série)","Bulletin de la Societe Entomologique de France, 85: 185-196."
284,"Ryn-Tournel J.",1971,"Description d’un Strepsiuptère nouveau recueilli en République Déocratique du Congo, premier représentant de la damille des Mengeidae","Revue de Zoologie et de Botanique Africaines, 83: 21-30."
247,"Kinzelbach R. K.",1969,"Stylopidae, Fächerflügler (=Ordnung: Strepsiptera) In, hardi, K. W. H. Freude & G. A. Lohse: Die Käfer Mitteleuropas","8: 139-159."
274,"Pasteels J. J.",1952,"Enquêtes sur les Strepsiptères (3e Série) Sur les parasites du genre Pseudoxenos vanderiisti n. sp.","Bulletin de la Societe Entomologique de Belgique, 88: 252-253."
266,"Ogloblin A. A.",1923,"Two new Strepsiptera from materials of the National Museum of Natural History in Prague. Part I.","Acta Entomologica Musei Nationalis Prague, 1: 45-47."
289,"Silvestri F.",1941,"Studi sugli  “Strepsiptera” (Insecta) i. Redescrizione e ciclo dell'Eoxenos Laboulbenei Peyerimoff","Bollettino del Laboratorio di Zoologia Generale e Agraria della R. Scuola Superiore Agrario in Portici, 31: 311-341."
273,"Pasteels J. J.",1951,"Enquêtes sur les Strepsiptères (2e Série) Sur les parasites du genre Stizus (Pseudoxenos Beaumonti n. sp.)","Bulletin de la Societe Entomologique de Belgique, 87: 75-77."
250,"Kinzelbach R. K.",1975,"Die Fächerflügler des Senckenberg-Museums III. Pseudoxenos ropalidiae n. sp.","Senckenbergiana Biologica, 56: 69-73."
278,"Pickering W. B.",1836,"Observations on the economy of the Strepsiptera, with the description of Stylops spencii, a new British species recently discovered","Transactions of the Royal Entomological Society of London, 1: 163-168."
255,"Kulicka R.",2001,"New genera and species of Strepsiptera from the Baltic amber","Prace Muzeum Ziemi PAN, 46: 3-16."
267,"Ogloblin A. A.",1924,"New and little known Strepsiptera from Poland","Polskie Pismo Entomologicazne, 3: 113-122."
269,"Oliveira S. J. & Kogan M.",1962,"Brazilian Strepsiptera (insecta) parasitizingVespidae, wih description of three new species of Xenos Rossius, 1793 (Stylopidae)","Memórias do Instituto Oswaldo Cruz, 60: 1-11."
270,"Oliveira S. J. & Kogan M.",1963,"A new species of Pseudoxenos Saunders, 1872, and a new record of Myrmecolax incautus Oliveira & Kogan, 1959 (Strepsiptera, Insecta)","Memórias do Instituto Oswaldo Cruz, 61: 350-356."
292,"Solulu T., Simpson S. J. & Kathirithamby J.",1998,"The effect of strepsipteran parasitism on a tettigoniid pest of oil palm in Papua New Guinea","Physiological Entomology, 23(3): 388-398."
293,"Szekessy V.",1955,"Eine neue Strepsiptreren-Art aus Ungarn sowie die durch die Stylopisierung an ihrem Wirt hervorgerufenen Veränderungen","Ann hist.-nat mus natn. Hung., 6: 270-284."
294,"Szekessy V.",1956,"Strepsipteren aus New-Guinea, gesammelt von L. Biró","Annals hist.-nat Mus. Nstn Hung S. N., 7: 143-150."
295,"Szekessy V.",1965,"Zwei neue Strepsiptreren-Arten","Acta Zoologica Academiae Scientiarum Hungaricae, 11: 475-479."
297,"Teson A. & Remes-Lenicov A. M. M.",1979,"Estrepsipteros papasitoides de Hymenopteros (Insect-Strepsiptera)","Revista de la Sociedad Entomologica Argentina, 38: 115-122."
96,"Kifune T. & Brailovsky H.",1997,"Occurrence of Caenocholax fenyesi (Strepsiptera, Myrmecolacidae) in Belize, Central America","Japanese Journal of Entomology, 65: 436."
105,"Kifune T. & Machita Y.",1994,"A new locality of Triozocera macroscyti Esaki et Miyamoto (Strepsiptera, Corioxenidae) in Tohoku District, Japan","Japanese Journal of Entomology, 62: 692."
300,"Kifune T.",1991,"Two New Species of the Genus Stylops (Strepsiptera, Stylopidae) with Stylopized Records of the Andrenid Bees in Japan : Studies on the Japanese Strepsiptera XIV","Japanese Journal of Entomology, 59(1): 155-163."
234,"Kifune T.",1986,"A new species of the genus Xenos (Strepsiptera, Stylopidae) parasitic in he genus Provespa (Hymenoptera, Vespidae) from Western Sumatra, Indonesia (Notulae Strepipterologicae-XVI)","Kontyû, Tokyo, 54: 84-88."
240,"Kifune T. & Maeta Y.",1975,"A new subgenus and new species of the genus Xenos (Strepsiptera, Stylopidae) from Japan","Kontyû, Tokyo, 43: 446-455."
241,"Kifune T. & Maeta Y.",1978,"A new Pseudoxenos (Strepsiptera: Stylopidae) parasitic on Stenodynerus (Hymenoptera: Vespidae) from Japan (Studies on the Japanese Strepsiptera V)","Kontyû, Tokyo, 46: 416-428."
244,"Kifune T. & Yamane S.",1985,"Two new species of the genus Paraxenos (Strepsiptera, Stylopidae) and records of the stylopized Sphecidae and Eumenidae (Hymenoptera) from Ryukus, Japan (Studies on the Japanese Strepsiptera XV)","Kontyû, Tokyo, 53: 49-56."
285,"Saunders S. S.",1850,"Descriptions of two new Strepsipterous insects from Albania, parasitical on bees of the genus Hylaeus; with some account of their habits and metamorphosis","Transactions of the Royal Entomological Society of London, 1: 43-59."
286,"Saunders S. S.",1853,"Notices of some new species of Strepsipterous insects from Albania, with further observations on the habits, transformations and sexual economy of these parasites","Transactions of the Royal Entomological Society of London, 2: 125-144."
291,"Smith F.",1857,"Observations of the difficulties attending the discrimination of the species of the genus Stylops. XIII","Transactions of the Royal Entomological Society of London, 4: 115-118."
296,"Templeton R.",1841,"Description of a new Strepsipterous insect","Transactions of the Royal Entomological Society of London, 3: 51-56."
298,"Trois C. A. C.",1984,"Strepsiptera brasileiros: III. Duas nivas species de Stylopidae (Insecta) parasitas de Vespidae (Insecta, Hymenoptera)","Iheringia, Ser. Zool., 64: 23-27."
299,"Trois C. A. C.",1988,"Strepsiptera Brasileiros IV. contribuição ao conhecimento dos Halictophagidae. Revista a Brasileira de Zoologia","Revista Brasileira de Zoologia, 5: 465-477."
301,"Bohart R. M.",1936,"A preliminary study of the genus Stylops in California (part 1) (Strepsiptera, Stylopidae)","Pan-Pacific Entomologist, 12: 9-18."
302,"Bohart R. M.",1937,"A preliminary study of the genus Stylops in California (part II) (Strepsiptera, Stylopidae)","Pan-Pacific Entomologist, 13: 49-57."
303,"Hofeneder K. & Fulmek L.",1943,"Verzeichnis der Strepsiptera und ihrer Wirte","Arbeiten über Physiologische u. Angewandte Entomologie Berlin-Dahlem, 10(2): 139-169."
304,"Esaki T. & Hashimoto S.",1958,"The Strepsiotera parasitic on Heteroptera","Proceedings of the International Congress of Entomology, 1: 373-381."
305,"Gray G. R.",1832,"Cuvier's Animal Kingdom. Edition. (Insects Vol 2)","15: 684 pp."
306,"Poluszynski G.",1927,"Stylops nitidiusculae n. sp.","Bull. ent. Pologne, 6: 92-99."
307,"Nassonov N. V.",1893,"On the morphology of Stylops melittae","Warsaw University news, 9: 17-30."
308,"Silvestri F.",1934,"Halictophagus tettigometrae Silv. Di Tettigometra impressifrons Mulsant & Rey","Comp. ent. Applic., 1: 166-167."
309,"Hashimoto S. & Kifune T.",1962,"A wasp-attacking Strepsiptera from Japan (Strepsiptera: Xebidae) (Studies on the Japanese Strepsiptera I)","Kontyû, Tokyo, 30: 175-178."
310,"Heyden L. Von",1867,"Exotische Xenos-Arten","Berliner. Ent. Z, 11: 398."
242,"Kifune T. & Maeta Y.",1985,"Taxonomical studies on the genus Xenos (Strepsiptera, Stylopidae)  parasitic on Vespa and Polistes (Hymenoptera, Vespidae) of Taiwan with descriptions of three new species","Kontyû, Tokyo, 53: 426-435."
230,"Kifune T.",1983,"Two new species of the family Stylopidae (Strepsiptera) parasitic on Polistes and Pachodynerus (Hymenoptera) from the Virgin Islands, West Indies","Kontyû, Tokyo, 51: 330-338."
311,"Noskiewicz J. & Poluszynski G.",1935,"Embryologische Untersuchungen an Strepsipteren. II. Teil. polyembryonie","Zool. Pol., 1: 53-94."
253,"Kogan M.",1958,"A new species of the genus Triozocera Pierce from Brazil (Mengeidae, Strepsiptera)","Studia Entomologica, 1: 421-426."
262,"Nassonov N. V.",1910,"Untersuchungen zur Naturgeshichte der Strepsipteren Aus dem Russuschen üubersetzt von Alenander v. Sipiagin. Mit Anmerkingen und einem kritischen Anhang über einige Ansichten meinerts betreffs der Anatomie des Weibehens hrsg. Von Karl Hofeneder, S. J.","Bericht des Naturwissenschaftlich-Medizinischen Vereins in Innsbruck, 33: 1-206."
257,"Luna de Carvalho E.",1960,"Contribuição para o conhecimento dos Estrepípteros de Portugal","Memórias e Estudos do Museu Zoológico da Universidade de Coimbra, 236: 5-13."
180,"Silvestri F.",1939,"Recherches sur les insetces d’importance biologique à Madagascar (29 à 33)","Mémories de l'Institut Scientifique de Madagascar (Série E), 11: 1-16."
80,"Kathirithamby J. & Ponnamma V. K.",2000,"Halictophagus palmi sp. nov. parasitic in Proutista moesta (Westwood) a vector of phytoplasma of palms in India","Journal of South East Asian Natural History, 5: 101-105."
322,"Bohart R. M. & Irwin M. E.",1978,"A study of stylopization in the bee genus Dufourea","Pan-Pacific Entomologist, 54(2): 98-102."
318,"Kathirithamby J., Hatting J. L. & McMahon D. P.",2010,"First record and description of female Halictophagus calcaratus Pasteels (Strepsiptera: Insecta) from South Africa","African Entomology, 18(2): 322-327."
323,"Tribull C. M. & Cook J.",2011,"New species of Halictophagus from Madagascar (Strepsiptera: Halictophagidae), with a key ot males of African Halictophagus","Proceedings of the Entomological Society of Washington, 113(1): 71-76."
326,"Machita Y.",2006,"New records on the host and distrubutional locality of Halictoxenos evylaei Kifune (Strepsipotera, Stylopidae).","Chugoku Kontyu, 20: 29-30."
327,"Kifune T. & Yamane S.",1985,"Two new species of the genus Paraxenos (Strepsiotera, Stylopidae) and records of stylopized Sphecidae and Eumenidae (Hymenoptera) from Ryukus, Japan ","Kontyû, Tokyo, 53(1): 49-58."
328,"Haupt H",1950,"Die Kafer (Coleoptera) aus der eozanen Braunkohle des Geiseltales","Geologica, 6(I-VII): 1-168."
329,"Trois C. A. C.",1982,"Contribuicao para o conhecimento do genero Halictoxenos Pierce, 1908 (Stylopidae, Strepsiptera, Insecta).","Iheringia, Ser. Zool., 61: 91-96."
330,"Brèthes J.",1923,"Primera contribución para el conocimiento de los “Strepsiptera” argentinos","Revista de la Facultad de Agronomia de la Universidad de La Plata, 15: 41-56."
