"AcceptedTaxonID","ParentSpeciesID","InfraSpeciesEpithet","InfraSpeciesAuthorString","InfraSpeciesMarker","GSDNameStatus","Sp2000NameStatus","IsFossil","LifeZone","AdditionalData","LTSSpecialist","LTSDate","InfraSpeciesURL","GSDTaxonGUI","GSDNameGUI"
15635,1789,"dominicana","Fennah, 1952",,"original combination, valid: Yes","Accepted name",0,"terrestrial",,"Bourgoin Thierry","10/12/2009","http://flow.snv.jussieu.fr/cgi-bin/flowexplorer.pl?lang=en&card=subspecies&id=15635",,
15647,15646,"uliginosa","Fennah, 1945",,"original combination, valid: Yes","Accepted name",0,"terrestrial",,"Bourgoin Thierry","10/12/2009","http://flow.snv.jussieu.fr/cgi-bin/flowexplorer.pl?lang=en&card=subspecies&id=15647",,
15660,2847,"unicornis","Fennah, 1952",,"original combination, valid: Yes","Accepted name",0,"terrestrial",,"Bourgoin Thierry","10/12/2009","http://flow.snv.jussieu.fr/cgi-bin/flowexplorer.pl?lang=en&card=subspecies&id=15660",,
15662,15661,"trinitatis","Fennah, 1952",,"original combination, valid: Yes","Accepted name",0,"terrestrial",,"Bourgoin Thierry","10/12/2009","http://flow.snv.jussieu.fr/cgi-bin/flowexplorer.pl?lang=en&card=subspecies&id=15662",,
15739,9022,"cognata","Melichar, 1898",,"original combination, valid: Yes","Accepted name",0,"terrestrial",,"Bourgoin Thierry","10/12/2009","http://flow.snv.jussieu.fr/cgi-bin/flowexplorer.pl?lang=en&card=subspecies&id=15739",,
16135,15961,"marusiki","Anufriev, 1991",,"original combination, valid: Yes","Accepted name",0,"terrestrial",,"Bourgoin Thierry","10/12/2009","http://flow.snv.jussieu.fr/cgi-bin/flowexplorer.pl?lang=en&card=subspecies&id=16135",,
16179,16178,"kerzhneri","Anufriev, 1987",,"original combination, valid: Yes","Accepted name",0,"terrestrial",,"Bourgoin Thierry","10/12/2009","http://flow.snv.jussieu.fr/cgi-bin/flowexplorer.pl?lang=en&card=subspecies&id=16179",,
16180,16178,"amurensis","Anufriev, 1987",,"original combination, valid: Yes","Accepted name",0,"terrestrial",,"Bourgoin Thierry","10/12/2009","http://flow.snv.jussieu.fr/cgi-bin/flowexplorer.pl?lang=en&card=subspecies&id=16180",,
16184,8537,"perpusilla","(Walker, 1851)",,"new combination, valid: Yes","Accepted name",0,"terrestrial",,"Bourgoin Thierry","10/12/2009","http://flow.snv.jussieu.fr/cgi-bin/flowexplorer.pl?lang=en&card=subspecies&id=16184",,
16185,8537,"pusana","Distant, 1914",,"original combination, valid: Yes","Accepted name",0,"terrestrial",,"Bourgoin Thierry","10/12/2009","http://flow.snv.jussieu.fr/cgi-bin/flowexplorer.pl?lang=en&card=subspecies&id=16185",,
16186,8537,"coimbatorensis","Fennah, 1963",,"original combination, valid: Yes","Accepted name",0,"terrestrial",,"Bourgoin Thierry","10/12/2009","http://flow.snv.jussieu.fr/cgi-bin/flowexplorer.pl?lang=en&card=subspecies&id=16186",,
16187,8537,"chikkaballapurana","Fennah, 1963",,"original combination, valid: Yes","Accepted name",0,"terrestrial",,"Bourgoin Thierry","10/12/2009","http://flow.snv.jussieu.fr/cgi-bin/flowexplorer.pl?lang=en&card=subspecies&id=16187",,
16188,8537,"thekkadiana","Fennah, 1963",,"original combination, valid: Yes","Accepted name",0,"terrestrial",,"Bourgoin Thierry","10/12/2009","http://flow.snv.jussieu.fr/cgi-bin/flowexplorer.pl?lang=en&card=subspecies&id=16188",,
16189,8537,"naraikkaduana","Fennah, 1963",,"original combination, valid: Yes","Accepted name",0,"terrestrial",,"Bourgoin Thierry","10/12/2009","http://flow.snv.jussieu.fr/cgi-bin/flowexplorer.pl?lang=en&card=subspecies&id=16189",,
16190,8537,"dhimbami","Fennah, 1963",,"original combination, valid: Yes","Accepted name",0,"terrestrial",,"Bourgoin Thierry","10/12/2009","http://flow.snv.jussieu.fr/cgi-bin/flowexplorer.pl?lang=en&card=subspecies&id=16190",,
16191,8537,"pirmedana","Fennah, 1963",,"original combination, valid: Yes","Accepted name",0,"terrestrial",,"Bourgoin Thierry","10/12/2009","http://flow.snv.jussieu.fr/cgi-bin/flowexplorer.pl?lang=en&card=subspecies&id=16191",,
16192,8537,"lycoides","Walker, 1862",,"original combination, valid: Yes","Accepted name",0,"terrestrial",,"Bourgoin Thierry","10/12/2009","http://flow.snv.jussieu.fr/cgi-bin/flowexplorer.pl?lang=en&card=subspecies&id=16192",,
16193,8537,"singhalensis","Fennah, 1963",,"original combination, valid: Yes","Accepted name",0,"terrestrial",,"Bourgoin Thierry","10/12/2009","http://flow.snv.jussieu.fr/cgi-bin/flowexplorer.pl?lang=en&card=subspecies&id=16193",,
16194,432,"aberrans","Kirby, 1891",,"original combination, valid: Yes","Accepted name",0,"terrestrial",,"Bourgoin Thierry","10/12/2009","http://flow.snv.jussieu.fr/cgi-bin/flowexplorer.pl?lang=en&card=subspecies&id=16194",,
16195,432,"palghati","Fennah, 1963",,"original combination, valid: Yes","Accepted name",0,"terrestrial",,"Bourgoin Thierry","10/12/2009","http://flow.snv.jussieu.fr/cgi-bin/flowexplorer.pl?lang=en&card=subspecies&id=16195",,
16196,432,"consors","Fennah, 1963",,"original combination, valid: Yes","Accepted name",0,"terrestrial",,"Bourgoin Thierry","10/12/2009","http://flow.snv.jussieu.fr/cgi-bin/flowexplorer.pl?lang=en&card=subspecies&id=16196",,
16197,432,"comes","Fennah, 1963",,"original combination, valid: Yes","Accepted name",0,"terrestrial",,"Bourgoin Thierry","10/12/2009","http://flow.snv.jussieu.fr/cgi-bin/flowexplorer.pl?lang=en&card=subspecies&id=16197",,
16198,432,"achates","Fennah, 1963",,"original combination, valid: Yes","Accepted name",0,"terrestrial",,"Bourgoin Thierry","10/12/2009","http://flow.snv.jussieu.fr/cgi-bin/flowexplorer.pl?lang=en&card=subspecies&id=16198",,
16199,4110,"var. curvata","Matsumura, 1914",,"original combination, valid: Yes","Accepted name",0,"terrestrial",,"Bourgoin Thierry","10/12/2009","http://flow.snv.jussieu.fr/cgi-bin/flowexplorer.pl?lang=en&card=subspecies&id=16199",,
16200,4110,"var. vittata","Matsumura, 1914",,"original combination, valid: Yes","Accepted name",0,"terrestrial",,"Bourgoin Thierry","10/12/2009","http://flow.snv.jussieu.fr/cgi-bin/flowexplorer.pl?lang=en&card=subspecies&id=16200",,
16201,4110,"var. costalis","Matsumura, 1914",,"original combination, valid: Yes","Accepted name",0,"terrestrial",,"Bourgoin Thierry","10/12/2009","http://flow.snv.jussieu.fr/cgi-bin/flowexplorer.pl?lang=en&card=subspecies&id=16201",,
16202,4110,"var. fumata","Matsumura, 1914",,"original combination, valid: Yes","Accepted name",0,"terrestrial",,"Bourgoin Thierry","10/12/2009","http://flow.snv.jussieu.fr/cgi-bin/flowexplorer.pl?lang=en&card=subspecies&id=16202",,
16216,6267,"var. viridicollis","Lallemand, 1929",,"original combination, valid: Yes","Accepted name",0,"terrestrial",,"Bourgoin Thierry","10/12/2009","http://flow.snv.jussieu.fr/cgi-bin/flowexplorer.pl?lang=en&card=subspecies&id=16216",,
16217,6253,"var. ugandana","Lallemand, 1929",,"original combination, valid: Yes","Accepted name",0,"terrestrial",,"Bourgoin Thierry","10/12/2009","http://flow.snv.jussieu.fr/cgi-bin/flowexplorer.pl?lang=en&card=subspecies&id=16217",,
16219,6263,"elegantula","Gerstaecker, 1892",,"original combination, valid: Yes","Accepted name",0,"terrestrial",,"Bourgoin Thierry","10/12/2009","http://flow.snv.jussieu.fr/cgi-bin/flowexplorer.pl?lang=en&card=subspecies&id=16219",,
16240,2182,"talos","Fennah, 1970",,"original combination, valid: Yes","Accepted name",0,"terrestrial",,"Bourgoin Thierry","10/12/2009","http://flow.snv.jussieu.fr/cgi-bin/flowexplorer.pl?lang=en&card=subspecies&id=16240",,
16241,2182,"charon","Fennah, 1956",,"original combination, valid: Yes","Accepted name",0,"terrestrial",,"Bourgoin Thierry","10/12/2009","http://flow.snv.jussieu.fr/cgi-bin/flowexplorer.pl?lang=en&card=subspecies&id=16241",,
16242,2182,"dira","Fennah, 1956",,"original combination, valid: Yes","Accepted name",0,"terrestrial",,"Bourgoin Thierry","10/12/2009","http://flow.snv.jussieu.fr/cgi-bin/flowexplorer.pl?lang=en&card=subspecies&id=16242",,
16243,2182,"ponapeana","Fennah, 1956",,"original combination, valid: Yes","Accepted name",0,"terrestrial",,"Bourgoin Thierry","10/12/2009","http://flow.snv.jussieu.fr/cgi-bin/flowexplorer.pl?lang=en&card=subspecies&id=16243",,
16244,2182,"sory","Fennah, 1956",,"original combination, valid: Yes","Accepted name",0,"terrestrial",,"Bourgoin Thierry","10/12/2009","http://flow.snv.jussieu.fr/cgi-bin/flowexplorer.pl?lang=en&card=subspecies&id=16244",,
16245,2182,"thyestes","Fennah, 1956",,"original combination, valid: Yes","Accepted name",0,"terrestrial",,"Bourgoin Thierry","10/12/2009","http://flow.snv.jussieu.fr/cgi-bin/flowexplorer.pl?lang=en&card=subspecies&id=16245",,
16246,2182,"yapana","Fennah, 1956",,"original combination, valid: Yes","Accepted name",0,"terrestrial",,"Bourgoin Thierry","10/12/2009","http://flow.snv.jussieu.fr/cgi-bin/flowexplorer.pl?lang=en&card=subspecies&id=16246",,
16254,8613,"scaeva","Fennah, 1970",,"original combination, valid: Yes","Accepted name",0,"terrestrial",,"Bourgoin Thierry","10/12/2009","http://flow.snv.jussieu.fr/cgi-bin/flowexplorer.pl?lang=en&card=subspecies&id=16254",,
16257,8926,"rennelli","Fennah, 1970",,"original combination, valid: Yes","Accepted name",0,"terrestrial",,"Bourgoin Thierry","10/12/2009","http://flow.snv.jussieu.fr/cgi-bin/flowexplorer.pl?lang=en&card=subspecies&id=16257",,
16341,6759,"marginalis","Melichar, 1898",,"original combination, valid: Yes","Accepted name",0,"terrestrial",,"Bourgoin Thierry","10/12/2009","http://flow.snv.jussieu.fr/cgi-bin/flowexplorer.pl?lang=en&card=subspecies&id=16341",,
16454,16453,"fuscifrons","Kuoh, 1982",,"original combination, valid: Yes","Accepted name",0,"terrestrial",,"Bourgoin Thierry","10/12/2009","http://flow.snv.jussieu.fr/cgi-bin/flowexplorer.pl?lang=en&card=subspecies&id=16454",,
16462,16461,"immaculata","(Muir, 1921)",,"new combination, valid: Yes","Accepted name",0,"terrestrial",,"Bourgoin Thierry","10/12/2009","http://flow.snv.jussieu.fr/cgi-bin/flowexplorer.pl?lang=en&card=subspecies&id=16462",,
16512,14573,"otho","Fennah, 1975",,"original combination, valid: Yes","Accepted name",0,"terrestrial",,"Bourgoin Thierry","10/12/2009","http://flow.snv.jussieu.fr/cgi-bin/flowexplorer.pl?lang=en&card=subspecies&id=16512",,
16519,16453,"lacteipennis","Fennah, 1975",,"original combination, valid: Yes","Accepted name",0,"terrestrial",,"Bourgoin Thierry","10/12/2009","http://flow.snv.jussieu.fr/cgi-bin/flowexplorer.pl?lang=en&card=subspecies&id=16519",,
16520,15731,"neopropinqua","Muir, 1917",,"original combination, valid: Yes","Accepted name",0,"terrestrial",,"Bourgoin Thierry","10/12/2009","http://flow.snv.jussieu.fr/cgi-bin/flowexplorer.pl?lang=en&card=subspecies&id=16520",,
