"AcceptedTaxonID","CommonName","TransliteratedName","Country","Area","Language","ReferenceID"
561,"Red fungus bug",,"51",,"English",2270
561,"Red fingernail bug",,"51",,"English",2270
7446,"Longheaded bracken hopper",,"51",,"English",2270
9022,"Passionvine (plant)hopper",,"",,"English",
9494,"Cobra-de-asa",,"GUAOO",,"Spanish; Castilian",2695
9494,"Jitirana",,"GUAOO",,"Spanish; Castilian",2695
9494,"Jitiranabóia",,"GUAOO",,"Spanish; Castilian",2695
9494,"Chicharra machacui",,"GUAOO",,"Spanish; Castilian",2695
9494,"Vívora cuco",,"GUAOO",,"Spanish; Castilian",2695
9494,"Cabeza de manía",,"GUAOO",,"Spanish; Castilian",2695
9494,"Machaca",,"CLMOO",,"Spanish; Castilian",2695
11181,"Brown planthopper (BPH)",,"",,"English",2314
11181,"Kayumangging ngusong kabayo",,"PHI",,"Tagalog",2308
11181,"Ulmog",,"PHIOO",,"Visaya (Cebuano)",2308
11181,"Kaki nga waya-waya",,"PHIOO",,"Visaya (Hiligaynon)",2309
11181,"Waya waya",,"PHIOO",,"Visaya (Hiligaynon)",2708
11181,"Kayumangging hanip",,"PHIOO",,"Tagalog",2721
12165,"Green planthopper",,"50",,"English",2270
12165,"Green planthopper",,"51",,"English",2270
12165,"Torpedo bug",,"HAW",,"English",2270
13635,"Flax planthopper",,"51",,"English",2270
14574,"Puting ngusong kabayo",,"PHIOO",,"Tagalog",2308
14574,"Whitebacked plant- hopper (WBPH)",,"",,"English",2314
15167,"Grey planhopper",,"51",,"English",2270
15337,"Dubas bug",,"IRQOO",,"English",2330
